ID,Year_Birth,Education,Marital_Status,Income,TotalAmountSpent,Kidhome,Teenhome,Dt_Customer,Recency
5524,1957,Graduation,Single,58138,1617,0,0,4/9/12,58
2174,1954,Graduation,Single,46344,27,1,1,8/3/14,38
4141,1965,Graduation,Together,71613,776,0,0,21-08-2013,26
6182,1984,Graduation,Together,26646,53,1,0,10/2/14,26
5324,1981,PhD,Married,58293,422,1,0,19-01-2014,94
7446,1967,Master,Together,62513,716,0,1,9/9/13,16
965,1971,Graduation,Divorced,55635,590,0,1,13-11-2012,34
6177,1985,PhD,Married,33454,169,1,0,8/5/13,32
4855,1974,PhD,Together,30351,46,1,0,6/6/13,19
5899,1950,PhD,Together,5648,49,1,1,13-03-2014,68
1994,1983,Graduation,Married,,19,1,0,15-11-2013,11
387,1976,Basic,Married,7500,61,0,0,13-11-2012,59
2125,1959,Graduation,Divorced,63033,1102,0,0,15-11-2013,82
8180,1952,Master,Divorced,59354,310,1,1,15-11-2013,53
2569,1987,Graduation,Married,17323,46,0,0,10/10/12,38
2114,1946,PhD,Single,82800,1315,0,0,24-11-2012,23
9736,1980,Graduation,Married,41850,96,1,1,24-12-2012,51
4939,1946,Graduation,Together,37760,317,0,0,31-08-2012,20
6565,1949,Master,Married,76995,1782,0,1,28-03-2013,91
2278,1985,2n Cycle,Single,33812,133,1,0,3/11/12,86
9360,1982,Graduation,Married,37040,316,0,0,8/8/12,41
5376,1979,Graduation,Married,2447,1730,1,0,6/1/13,42
1993,1949,PhD,Married,58607,972,0,1,23-12-2012,63
4047,1954,PhD,Married,65324,544,0,1,11/1/14,0
1409,1951,Graduation,Together,40689,444,0,1,18-03-2013,69
7892,1969,Graduation,Single,18589,75,0,0,2/1/13,89
2404,1976,Graduation,Married,53359,257,1,1,27-05-2013,4
5255,1986,Graduation,Single,,637,1,0,20-02-2013,19
9422,1989,Graduation,Married,38360,131,1,0,31-05-2013,26
1966,1965,PhD,Married,84618,1672,0,0,22-11-2013,96
6864,1989,Master,Divorced,10979,30,0,0,22-05-2014,34
3033,1963,Master,Together,38620,318,0,0,11/5/13,56
5710,1970,Graduation,Together,40548,120,0,1,10/10/12,31
7373,1952,PhD,Divorced,46610,302,0,2,29-10-2012,8
8755,1946,Master,Married,68657,1196,0,0,20-02-2013,4
10738,1951,Master,Single,49389,65,1,1,29-08-2013,55
4339,1970,PhD,Married,67353,913,0,1,31-12-2013,37
10755,1976,2n Cycle,Married,23718,81,1,0,2/9/13,76
8595,1973,Graduation,Widow,42429,67,0,1,11/2/14,99
2968,1943,PhD,Divorced,48948,902,0,0,1/2/13,53
8601,1980,Graduation,Married,80011,1395,0,1,29-04-2013,3
503,1985,Master,Married,20559,53,1,0,12/3/13,88
8430,1957,Graduation,Together,21994,22,0,1,24-12-2012,4
7281,1959,PhD,Single,,186,0,0,5/11/13,80
2139,1975,Master,Married,7500,31,1,0,2/10/13,19
1371,1976,Graduation,Single,79941,984,0,0,28-06-2014,72
9909,1996,2n Cycle,Married,7500,122,0,0,9/11/12,24
7286,1968,Graduation,Together,41728,55,1,0,24-05-2013,92
7244,1951,Graduation,Single,,124,2,1,1/1/14,96
6566,1954,PhD,Married,72550,1319,1,1,8/11/12,39
8614,1957,Graduation,Widow,65486,507,0,1,12/5/14,29
4114,1964,Master,Married,79143,1693,0,0,11/8/12,2
1331,1977,Graduation,Single,35790,72,1,0,2/1/13,54
2225,1977,Graduation,Divorced,82582,1617,0,0,7/6/14,54
9381,1978,Graduation,Married,66373,606,1,1,12/6/13,57
6260,1955,Master,Together,82384,1957,0,0,19-11-2012,55
10383,1966,Graduation,Divorced,70287,1093,0,0,2/4/13,30
7437,1988,Graduation,Single,27938,29,1,0,28-04-2014,31
8557,1982,Graduation,Single,,46,1,0,17-06-2013,57
8375,1968,PhD,Married,55954,518,0,1,3/3/14,63
6853,1982,Master,Single,75777,1438,0,0,4/7/13,12
3076,1975,Graduation,Together,66653,612,1,1,7/9/12,18
1012,1952,Graduation,Single,61823,884,0,1,18-02-2013,26
6518,1951,PhD,Widow,67680,606,0,1,11/6/13,8
4137,1948,Graduation,Together,70666,1076,0,0,6/12/13,29
8082,1971,Graduation,Married,25721,34,1,0,21-05-2013,75
1386,1967,Graduation,Together,32474,11,1,1,11/5/14,0
9369,1979,2n Cycle,Single,88194,1274,0,1,19-03-2014,19
4477,1958,Graduation,Together,69096,653,0,1,27-09-2013,4
1357,1970,Graduation,Together,74854,1562,1,2,8/4/13,90
1402,1954,Master,Married,66991,1253,0,0,11/9/12,1
10629,1973,2n Cycle,Married,,109,1,0,14-09-2012,25
6312,1959,Graduation,Married,65031,863,0,1,17-03-2013,29
8132,1975,PhD,Married,60631,661,1,1,5/4/13,88
1050,1952,Graduation,Married,28332,65,0,0,30-04-2014,58
5846,1977,Graduation,Divorced,40246,13,1,0,19-12-2012,68
1859,1972,Master,Married,75251,1890,0,0,27-08-2012,34
7503,1976,Graduation,Single,75825,2209,0,0,12/10/12,40
10401,1976,2n Cycle,Together,26326,18,0,0,4/9/13,12
1618,1965,Graduation,Together,56046,692,0,0,2/1/13,9
3332,1985,Graduation,Single,29760,165,1,0,29-08-2012,87
2261,1969,Graduation,Married,26304,16,1,0,23-06-2013,5
5346,1973,2n Cycle,Married,23559,79,1,0,3/7/13,87
4119,1963,Master,Together,38620,318,0,0,11/5/13,56
535,1987,Graduation,Divorced,81361,778,0,0,25-02-2014,18
5268,1960,Graduation,Married,29440,56,1,1,11/8/13,95
273,1970,Master,Married,36138,151,1,1,16-07-2013,48
4452,1957,Graduation,Single,50388,372,0,1,28-05-2014,3
8504,1973,Graduation,Married,79593,1366,0,0,12/5/14,70
771,1967,Graduation,Together,54178,194,0,1,21-01-2014,79
8996,1957,PhD,Married,,603,2,1,19-11-2012,4
9235,1957,Graduation,Single,,18,1,1,27-05-2014,45
5798,1973,Master,Together,,985,0,0,23-11-2013,87
11178,1972,Master,Single,42394,32,1,0,23-03-2014,69
2230,1970,PhD,Married,23626,43,1,0,24-05-2014,84
7516,1983,Graduation,Married,30096,45,1,0,22-05-2014,30
7247,1960,Graduation,Widow,47916,606,0,1,22-11-2012,72
11100,1972,Graduation,Divorced,51813,63,1,1,11/4/13,37
4646,1951,2n Cycle,Married,78497,978,0,0,1/12/13,44
3037,1983,PhD,Married,50150,410,0,0,20-06-2013,32
1473,1960,2n Cycle,Single,47823,72,0,1,23-07-2013,0
1016,1959,PhD,Single,34554,55,0,1,30-03-2014,43
4518,1979,Graduation,Together,85693,1169,0,1,20-04-2013,59
9370,1945,PhD,Married,65846,1120,0,0,17-05-2013,68
8908,1959,Graduation,Married,87195,1097,0,0,8/5/14,35
8373,1979,Basic,Together,24594,29,1,0,10/12/13,94
7533,1964,Graduation,Married,49096,187,1,1,24-09-2013,15
2683,1969,Graduation,Married,52413,910,0,2,2/2/13,56
3629,1978,Graduation,Single,38557,145,1,0,19-12-2012,17
10991,1960,Master,Married,89058,850,0,0,7/12/12,18
5077,1979,Graduation,Together,77298,969,0,1,2/11/13,46
7431,1991,PhD,Single,68126,1820,0,0,10/11/12,40
3267,1963,Master,Together,57288,608,0,1,25-06-2014,27
999,1991,Graduation,Single,86037,730,0,0,2/1/13,95
9215,1980,PhD,Married,43974,551,1,0,12/12/12,19
2286,1962,Graduation,Single,50785,114,1,1,10/9/13,27
1592,1970,Graduation,Married,90765,1724,0,0,24-01-2014,25
367,1978,2n Cycle,Married,36550,577,1,0,19-02-2013,74
5234,1967,2n Cycle,Together,30753,81,1,1,11/7/13,85
9862,1969,Graduation,Together,21918,33,1,0,14-11-2013,37
9805,1953,Master,Together,56129,660,0,1,20-06-2013,65
6205,1967,Master,Single,32557,80,1,0,24-02-2014,13
8442,1985,Master,Married,19510,30,2,0,4/9/13,63
7386,1976,Graduation,Divorced,30992,43,1,0,22-04-2013,83
7215,1983,Graduation,Single,101970,1135,0,0,12/3/13,69
1491,1965,2n Cycle,Together,71488,559,0,0,18-02-2013,87
11071,1984,Graduation,Single,79607,1923,0,0,21-04-2013,37
3381,1953,Master,Married,54348,90,1,1,8/6/14,51
8268,1961,PhD,Married,,404,0,1,11/7/13,23
11051,1956,PhD,Together,77376,661,1,1,10/5/14,72
8026,1952,Graduation,Married,62998,463,0,1,30-09-2013,10
433,1958,Master,Alone,61331,632,1,1,10/3/13,42
9597,1969,Graduation,Married,73448,725,0,0,10/2/14,10
1295,1963,Graduation,Married,,725,0,1,11/8/13,96
5290,1964,PhD,Married,41551,279,1,1,14-08-2013,51
1685,1967,PhD,Together,62981,1482,0,0,17-03-2013,21
5342,1976,Basic,Divorced,9548,29,1,0,8/8/12,31
9579,1959,PhD,Married,33762,106,2,1,7/7/13,61
7660,1973,PhD,Alone,35860,49,1,1,19-05-2014,37
1461,1965,PhD,Divorced,36921,38,1,1,28-07-2013,74
821,1992,Master,Single,92859,2077,0,0,19-10-2012,46
11084,1976,Master,Together,65104,1053,0,1,14-11-2013,4
8690,1962,Graduation,Married,86111,1385,0,0,19-04-2013,73
2937,1974,PhD,Single,68352,871,0,1,28-08-2013,47
9701,1988,Graduation,Together,41883,312,1,0,19-03-2013,13
9949,1976,Graduation,Married,59809,877,0,2,18-10-2012,36
10837,1975,Graduation,Married,23957,68,1,0,28-10-2012,47
3120,1981,Graduation,Together,38547,22,1,0,28-08-2013,49
5885,1973,2n Cycle,Married,35688,211,2,1,22-08-2012,94
4050,1966,Master,Married,49605,127,0,0,21-06-2014,65
3830,1953,Master,Married,59354,459,0,2,24-04-2014,59
7987,1969,Graduation,Married,65747,460,0,1,7/3/14,96
7798,1972,2n Cycle,Together,46344,429,0,1,14-12-2012,28
92,1988,Graduation,Alone,34176,89,1,0,12/5/14,12
7055,1952,PhD,Together,61010,1021,0,1,9/10/12,57
10240,1949,Graduation,Together,69372,1381,0,0,19-02-2013,10
3025,1958,Graduation,Single,49967,306,0,1,8/7/13,4
9283,1978,Graduation,Single,60199,18,1,2,12/9/13,49
9970,1977,Graduation,Together,55375,162,0,1,17-10-2013,3
2730,1955,Graduation,Single,80317,1231,0,0,20-08-2013,64
2795,1958,Master,Single,30523,13,2,1,1/7/13,0
9260,1945,PhD,Married,70356,1706,0,0,5/11/12,20
8182,1984,Graduation,Married,23228,121,1,0,5/1/14,91
10095,1975,PhD,Divorced,74165,1293,0,0,1/5/13,9
8475,1973,PhD,Married,157243,1608,0,1,1/3/14,98
4370,1966,Graduation,Together,43482,88,2,1,13-11-2013,83
10573,1953,Graduation,Divorced,62551,421,0,0,18-11-2013,27
3712,1959,Graduation,Divorced,52332,259,0,0,28-08-2013,63
6637,1988,Graduation,Single,66951,1117,0,0,2/11/13,46
3152,1957,Graduation,Together,26091,89,1,1,25-02-2014,84
5610,1965,Graduation,Together,33456,36,1,1,21-04-2014,58
6460,1982,Graduation,Married,28718,57,1,0,13-07-2013,78
1349,1970,Graduation,Married,50447,148,2,0,21-04-2014,4
1880,1959,PhD,Together,53537,93,1,1,30-01-2014,17
641,1967,Graduation,Single,52074,119,0,1,4/4/14,77
8717,1975,PhD,Married,80427,1835,0,1,12/9/12,56
10314,1948,PhD,Married,83837,1318,0,0,16-12-2012,79
10854,1970,PhD,Married,38853,45,1,1,23-05-2014,90
10492,1959,Graduation,Together,38285,10,2,1,24-06-2014,96
6935,1951,2n Cycle,Married,78497,978,0,0,1/12/13,44
7698,1976,PhD,Married,51650,191,0,1,11/5/14,81
3559,1988,2n Cycle,Married,16248,57,1,0,10/5/14,77
10562,1946,Master,Married,66835,1033,0,0,28-09-2013,21
10796,1984,Master,Married,30477,66,1,0,22-01-2014,16
2563,1961,Basic,Married,28249,43,0,0,15-06-2014,80
3518,1983,Graduation,Married,25271,50,1,0,5/12/12,45
5823,1970,PhD,Single,32303,39,0,1,8/3/14,63
3934,1966,Graduation,Married,61286,608,0,1,2/8/13,34
6982,1976,Graduation,Married,74068,1581,0,0,19-03-2013,14
6431,1964,PhD,Married,45759,68,1,1,23-02-2013,13
9733,1978,Basic,Together,24882,80,1,0,9/9/12,52
5602,1989,PhD,Together,66973,1282,0,0,17-05-2013,98
7829,1900,2n Cycle,Divorced,36640,65,1,0,26-09-2013,99
1324,1988,Graduation,Married,38872,91,1,0,30-05-2013,93
326,1973,Graduation,Married,51148,315,1,1,18-02-2013,38
7224,1977,Graduation,Married,31353,31,1,1,29-12-2013,24
6999,1980,Master,Married,69661,834,0,0,13-05-2014,80
9938,1954,Graduation,Married,80067,1600,0,0,19-09-2013,82
6422,1954,Graduation,Married,86718,1270,0,0,17-01-2013,20
3182,1973,PhD,Single,46854,263,1,1,31-03-2014,81
7300,1952,Graduation,Divorced,69142,535,0,1,29-06-2014,50
10424,1968,Graduation,Single,75922,1295,0,0,9/12/13,60
8727,1978,Graduation,Divorced,63693,1150,0,1,14-10-2013,63
2798,1977,PhD,Together,102160,1240,0,0,2/11/12,54
1030,1965,PhD,Single,40637,38,1,1,17-07-2013,72
624,1984,Master,Single,18890,35,0,0,10/11/12,5
5176,1988,Graduation,Together,29604,53,1,0,8/12/13,88
5552,1963,Master,Divorced,48721,293,1,1,13-05-2013,50
868,1966,Graduation,Married,44794,65,0,1,8/6/14,99
380,1954,Graduation,Divorced,64497,1804,0,1,10/9/12,17
2677,1956,Graduation,Together,46097,241,0,1,31-03-2013,11
6521,1954,Graduation,Together,77972,1101,0,0,18-03-2014,18
6927,1968,PhD,Married,44377,264,1,1,5/10/12,70
2877,1974,Master,Together,46014,541,1,1,21-01-2013,21
0,1985,Graduation,Married,70951,1198,0,0,4/5/13,66
1584,1977,Graduation,Married,41443,482,1,0,1/4/14,79
7264,1978,2n Cycle,Single,52195,17,2,1,12/5/14,2
6274,1948,Master,Married,83790,1615,0,0,15-11-2013,81
1377,1954,Master,Widow,44551,285,0,1,31-08-2013,24
454,1980,Graduation,Together,69508,1135,1,0,14-11-2012,48
1755,1988,2n Cycle,Together,45204,114,1,0,11/4/14,93
2075,1969,Graduation,Married,72460,1047,0,0,14-11-2013,56
4785,1970,PhD,Together,77622,714,0,2,14-04-2014,3
9076,1980,PhD,Married,30732,185,1,0,5/1/13,44
7079,1962,Graduation,Divorced,63887,1245,0,1,8/9/12,38
4653,1978,Graduation,Together,42011,189,1,0,26-03-2013,46
7375,1976,Graduation,Together,51369,576,0,1,25-10-2012,84
709,1952,Graduation,Divorced,51537,1103,0,1,9/12/12,27
460,1972,PhD,Married,79930,1753,0,0,8/8/12,72
3726,1986,PhD,Together,34320,17,1,0,16-02-2014,66
6798,1966,Graduation,Single,37070,433,1,1,20-03-2013,30
5341,1962,2n Cycle,Divorced,81975,1588,0,1,5/1/13,2
1606,1971,Graduation,Together,38590,22,1,0,15-05-2013,65
9617,1951,Graduation,Single,15033,19,0,0,16-04-2014,37
3233,1965,PhD,Married,62745,1117,0,1,23-03-2013,89
89,1975,2n Cycle,Married,22212,69,1,0,9/12/13,49
2936,1982,Master,Together,23661,23,1,0,4/12/13,46
9449,1958,PhD,Single,79761,605,0,1,4/10/13,32
7297,1973,Graduation,Single,7500,57,1,0,26-12-2013,54
11004,1893,2n Cycle,Single,60182,22,0,1,17-05-2014,23
313,1968,Graduation,Widow,73455,2088,0,0,28-10-2013,98
9940,1958,Graduation,Together,64961,1009,0,1,23-12-2012,97
10735,1971,Graduation,Single,22804,26,1,0,31-07-2013,75
9529,1990,Graduation,Married,73687,1627,0,0,28-11-2013,8
6439,1958,Graduation,Married,61074,1102,0,1,17-08-2012,37
7411,1964,PhD,Married,31686,17,1,1,5/6/14,31
2176,1972,Graduation,Married,80134,1690,1,0,20-05-2013,40
9265,1953,Graduation,Married,75027,1390,0,1,9/1/13,74
8867,1988,PhD,Married,67546,2126,0,0,31-08-2012,90
8932,1969,Master,Together,65176,1531,0,1,29-10-2012,57
10236,1975,Master,Single,31160,64,1,0,16-09-2013,59
6340,1985,Graduation,Single,29938,26,1,0,27-10-2013,52
10089,1974,Graduation,Divorced,102692,1112,0,0,5/4/13,5
2227,1958,2n Cycle,Together,26490,210,0,0,22-09-2012,92
10992,1967,Graduation,Together,75702,1148,1,1,29-08-2012,77
5304,1974,PhD,Single,30899,33,1,0,13-10-2012,35
309,1961,PhD,Together,63342,1101,0,1,16-10-2012,48
3406,1964,Graduation,Single,45989,322,0,1,22-10-2012,97
2661,1964,Graduation,Single,18701,44,1,1,4/6/13,95
3153,1957,PhD,Single,40737,17,2,1,8/12/13,24
10264,1979,Graduation,Divorced,15287,31,1,0,10/10/12,60
1184,1968,PhD,Divorced,69674,845,0,2,22-05-2013,46
4200,1970,Master,Married,44159,275,1,0,17-06-2014,85
9396,1978,PhD,Married,37717,25,1,0,23-11-2012,31
2387,1952,Master,Together,43776,275,1,1,3/2/13,9
6690,1966,Master,Married,38179,90,1,1,14-03-2013,30
1225,1963,Graduation,Married,80124,1495,0,0,26-06-2014,47
9703,1970,PhD,Married,38097,184,1,1,15-10-2012,70
291,1970,Graduation,Married,72940,981,0,0,19-06-2013,13
4557,1970,Graduation,Together,22070,67,1,0,4/10/13,11
2379,1953,Graduation,Single,69267,1635,0,0,22-09-2012,31
5726,1983,Master,Single,31788,60,1,0,20-03-2014,15
3066,1975,PhD,Together,61905,231,0,1,4/2/14,2
6336,1960,Graduation,Married,29315,48,1,1,6/4/14,55
10967,1963,Graduation,Divorced,33378,99,1,1,6/2/13,38
2304,1963,PhD,Together,66313,770,0,1,16-09-2013,86
3445,1956,Graduation,Single,60714,957,0,0,17-01-2013,56
7828,1981,Master,Together,77882,818,0,0,30-04-2014,29
3762,1986,PhD,Single,69867,925,0,0,2/4/13,30
4391,1968,Master,Divorced,63841,908,0,1,21-04-2013,64
4669,1981,Basic,Married,24480,102,1,0,11/2/13,46
10144,1976,Graduation,Together,51369,576,0,1,25-10-2012,84
8652,1946,Graduation,Together,37760,317,0,0,31-08-2012,20
1672,1974,PhD,Together,65640,461,0,1,1/3/14,74
8962,1975,Master,Married,44319,37,1,1,17-04-2014,18
9974,1974,Graduation,Married,30631,70,1,0,12/7/13,75
10983,1952,Graduation,Together,75278,930,0,0,29-01-2013,17
8148,1956,Master,Together,50898,859,1,1,8/1/13,88
10102,1966,Graduation,Widow,79946,1478,0,0,12/5/14,19
4697,1949,Master,Divorced,35416,390,0,0,13-06-2013,62
9262,1984,2n Cycle,Together,32414,52,0,0,4/7/13,11
7254,1969,Graduation,Together,38361,137,1,0,27-12-2013,74
4543,1980,Graduation,Married,82497,1919,0,0,31-10-2012,32
4927,1971,Graduation,Together,16626,68,2,0,15-01-2014,76
10451,1965,Graduation,Together,29672,25,1,1,12/3/13,6
2926,1952,Master,Together,55951,1374,0,1,23-08-2012,62
2874,1988,2n Cycle,Divorced,35388,32,1,0,7/3/13,20
9738,1986,Master,Together,42386,100,1,0,13-01-2013,43
7119,1982,Graduation,Single,68627,825,0,0,12/1/13,45
3924,1965,PhD,Divorced,57912,916,0,1,17-03-2014,34
5827,1958,Graduation,Divorced,35246,62,1,1,16-04-2014,53
5596,1956,2n Cycle,Together,58821,728,0,1,12/10/13,44
10812,1978,PhD,Married,46377,90,1,0,1/3/14,89
1717,1988,Graduation,Single,39747,273,1,0,13-04-2014,43
9491,1984,Graduation,Together,23976,66,1,0,27-12-2013,68
9274,1961,Master,Married,80950,1213,0,0,28-03-2013,44
6609,1966,Graduation,Widow,27038,107,0,0,18-09-2012,64
6963,1947,Graduation,Single,77457,1157,0,0,5/3/14,85
4440,1964,Master,Married,64100,546,0,1,10/9/13,93
1379,1992,Master,Together,42670,241,0,0,27-04-2013,12
10032,1976,Graduation,Divorced,12571,53,1,0,18-01-2014,86
2826,1967,Graduation,Married,22574,37,2,1,28-10-2013,28
2437,1989,Graduation,Married,,1611,0,0,3/6/13,69
6320,1976,Master,Single,70893,1508,0,0,6/2/13,42
3050,1966,Graduation,Married,54198,235,1,1,17-12-2013,13
231,1956,Master,Together,28839,32,1,1,11/3/14,86
2392,1972,Graduation,Married,40321,102,1,1,29-07-2013,59
9478,1985,Graduation,Single,66503,401,1,0,14-08-2012,30
113,1951,Graduation,Married,30833,28,1,1,16-07-2013,33
2863,1970,Graduation,Single,,1052,1,2,23-08-2013,67
1802,1971,Graduation,Married,64795,680,0,1,17-01-2013,23
520,1974,Graduation,Married,34421,30,1,0,1/7/13,81
8275,1965,PhD,Divorced,47025,20,1,1,9/2/14,6
9750,1961,PhD,Divorced,64325,1307,0,1,7/2/13,41
2607,1953,Graduation,Single,40464,630,0,1,11/1/13,78
7214,1957,Graduation,Married,62187,1283,0,0,5/7/13,49
5835,1976,PhD,Divorced,14849,65,1,0,2/7/13,39
3896,1984,Graduation,Married,27255,37,1,0,7/11/13,3
10350,1950,PhD,Married,54432,38,2,1,9/5/13,37
7786,1986,PhD,Single,29999,160,1,0,13-02-2013,22
2861,1983,Graduation,Single,24072,23,1,0,16-04-2013,79
663,1989,PhD,Single,33996,71,0,0,11/9/13,46
10675,1956,PhD,Married,66334,1161,0,1,3/4/13,82
2521,1971,Master,Married,35178,59,1,0,10/1/13,10
9592,1983,Graduation,Together,22010,33,1,0,30-06-2013,51
10151,1960,Graduation,Divorced,62204,946,0,2,12/9/12,38
7381,1968,Graduation,Divorced,75693,1442,0,0,6/12/12,10
4099,1972,Graduation,Married,30675,62,1,0,12/11/12,14
9560,1965,Graduation,Together,83003,1674,0,0,3/3/13,18
1150,1899,PhD,Together,83532,1853,0,0,26-09-2013,36
10172,1988,Graduation,Single,68655,1538,0,0,10/8/12,95
11191,1986,Graduation,Divorced,41411,139,0,0,7/12/13,11
9707,1969,PhD,Married,55212,1182,0,1,23-11-2012,65
6245,1950,PhD,Together,59292,507,0,1,13-06-2013,71
8234,1973,Basic,Together,27190,18,1,0,15-08-2013,13
1411,1952,Graduation,Divorced,82623,940,0,0,10/11/13,58
8553,1965,Graduation,Married,44300,42,1,1,23-06-2013,65
1826,1970,Graduation,Divorced,84835,1190,0,0,16-06-2014,0
8842,1971,Graduation,Widow,30372,44,1,1,25-12-2012,33
11030,1976,Master,Married,33181,16,1,0,3/1/14,90
2579,1957,Graduation,Married,71113,835,0,1,17-12-2013,95
175,1986,Graduation,Married,71952,1443,1,0,10/1/13,93
9185,1966,PhD,Single,69759,1029,0,0,28-10-2013,38
11056,1974,Graduation,Married,72099,1188,0,0,27-10-2012,18
9365,1976,PhD,Single,60000,1277,0,1,22-12-2012,57
6201,1978,Graduation,Single,38643,49,1,1,29-11-2013,45
2061,1955,Graduation,Married,50737,99,0,1,11/5/13,61
6184,1969,PhD,Married,68462,1670,0,0,12/12/12,6
6142,1943,Master,Married,65073,900,0,0,20-08-2013,65
4107,1948,PhD,Together,46681,425,0,2,8/10/13,52
7274,1957,Graduation,Married,78618,2153,0,0,28-09-2012,87
9336,1969,PhD,Widow,62187,636,0,1,22-03-2014,38
2958,1978,Graduation,Married,28442,57,2,0,24-02-2014,53
933,1978,PhD,Married,37717,25,1,0,23-11-2012,31
5837,1967,Graduation,Married,51479,494,1,1,28-12-2012,67
10704,1969,Graduation,Single,54803,693,0,1,21-08-2012,65
5125,1960,Graduation,Married,79530,1348,0,0,17-05-2013,64
4432,1976,Graduation,Divorced,31615,51,1,0,16-03-2013,82
5955,1962,Graduation,Together,72025,1932,0,0,17-11-2012,27
2928,1975,PhD,Single,52614,990,0,1,1/12/12,63
5680,1984,2n Cycle,Married,35684,30,1,0,22-04-2014,66
10313,1975,Graduation,Married,48178,254,1,1,28-10-2012,69
2557,1970,Master,Single,29548,29,1,0,29-08-2013,52
1245,1966,Graduation,Single,63810,1371,0,1,11/11/12,45
1519,1972,PhD,Single,38578,73,1,1,22-06-2013,2
10703,1975,Master,Single,46098,120,1,1,18-08-2012,86
1726,1970,Graduation,Single,22585,81,0,0,18-03-2013,23
4459,1989,Graduation,Single,30279,37,1,0,30-12-2012,13
1729,1961,PhD,Together,66426,1377,0,1,2/10/13,14
1517,1969,Graduation,Single,30822,51,1,0,14-06-2013,92
2098,1969,PhD,Married,33581,17,2,0,8/1/13,38
9543,1985,Graduation,Married,19986,22,1,0,14-11-2013,74
6878,1954,Graduation,Widow,27421,324,0,0,12/12/12,14
3310,1973,2n Cycle,Married,35688,211,2,1,22-08-2012,94
2724,1981,Master,Single,36143,19,1,0,30-03-2014,33
948,1971,Graduation,Single,10245,41,1,0,15-05-2013,32
6720,1968,Master,Together,43795,492,0,1,16-10-2013,11
6202,1960,Graduation,Together,63381,1005,0,1,5/10/12,78
2066,1949,Graduation,Together,38823,114,0,1,30-08-2012,56
9799,1968,PhD,Divorced,83664,1173,1,1,8/5/13,57
8318,1979,Graduation,Together,90300,1738,0,0,3/1/14,7
5642,1979,Master,Together,62499,222,1,0,9/12/13,0
2669,1993,Graduation,Single,74293,1127,0,0,4/5/14,66
455,1946,PhD,Married,51012,209,0,0,18-04-2013,86
7683,1968,Master,Married,70777,787,0,1,25-02-2014,80
3428,1991,PhD,Together,68682,1598,0,0,6/10/13,56
7414,1971,Graduation,Married,43824,186,1,1,15-09-2012,18
6354,1984,Graduation,Together,15345,47,1,0,31-08-2012,51
798,1987,Graduation,Single,23442,27,1,0,24-12-2012,71
8213,1980,2n Cycle,Together,14515,96,1,0,9/11/12,71
2488,1956,2n Cycle,Divorced,31395,64,1,1,23-03-2013,80
9999,1965,Graduation,Together,75276,1040,0,0,27-09-2012,2
7617,1974,Graduation,Single,42373,163,1,1,15-08-2013,83
615,1960,Graduation,Together,30507,343,0,0,11/3/13,29
2552,1955,PhD,Single,55521,446,1,2,22-10-2013,11
194,1965,Graduation,Married,48006,41,1,1,9/6/14,55
3645,1972,PhD,Single,27213,70,1,0,30-08-2012,19
8890,1971,PhD,Divorced,65808,272,1,1,30-05-2014,1
5049,1974,PhD,Together,30351,46,1,0,6/6/13,19
9973,1963,Graduation,Married,50437,490,0,2,17-10-2012,28
7301,1982,2n Cycle,Single,23616,79,1,0,17-11-2012,76
10882,1976,Graduation,Married,53858,915,0,1,9/11/12,50
7030,1955,PhD,Married,66465,1485,0,1,30-03-2013,1
7422,1987,Graduation,Single,46923,369,1,0,22-08-2012,90
3523,1962,Graduation,Together,75072,1073,0,1,23-01-2013,83
7106,1943,PhD,Married,75865,1242,0,0,31-03-2014,73
6504,1975,2n Cycle,Together,19789,78,1,0,20-11-2013,24
5067,1994,Graduation,Together,80134,1378,0,0,14-02-2014,11
4216,1981,Graduation,Single,91065,1474,0,0,22-02-2013,33
8581,1971,Master,Married,49505,751,1,1,5/3/13,4
5929,1973,PhD,Married,37401,48,1,0,6/5/14,14
3129,1983,Graduation,Married,30096,45,1,0,22-05-2014,30
6528,1982,Master,Together,18492,10,1,0,5/6/14,75
1361,1974,Master,Married,82584,1435,0,0,4/6/13,26
6932,1941,PhD,Married,93027,2119,0,0,13-04-2013,77
7284,1953,Graduation,Married,48686,20,1,2,4/12/13,8
1340,1986,Graduation,Married,92910,1795,0,0,24-04-2014,42
8746,1989,Graduation,Married,75433,1188,1,0,5/4/14,28
5987,1989,2n Cycle,Together,10404,43,1,0,4/5/14,52
3767,1968,Graduation,Married,61314,1008,0,1,25-04-2013,1
3725,1961,PhD,Single,84865,1688,0,0,9/5/13,1
4324,1989,Graduation,Married,42387,684,1,0,29-10-2012,42
238,1967,2n Cycle,Together,67309,1082,1,1,23-01-2013,76
6694,1964,Graduation,Married,75236,1068,0,1,25-11-2013,27
498,1970,Graduation,Single,30015,57,1,0,2/2/14,28
9347,1956,Master,Together,50943,46,0,1,21-06-2013,49
9699,1966,Graduation,Divorced,67272,733,0,1,21-12-2013,12
10664,1949,Master,Widow,51529,467,0,1,7/9/13,14
5455,1971,PhD,Married,32011,122,1,0,22-08-2013,89
456,1986,2n Cycle,Married,7500,36,1,0,7/2/13,96
5012,1989,Graduation,Married,28691,34,1,0,4/7/13,56
7495,1948,PhD,Married,56223,156,0,1,20-12-2013,72
5029,1946,Graduation,Married,18100,14,0,0,6/8/13,14
10642,1989,Graduation,Single,30279,37,1,0,30-12-2012,13
2106,1974,2n Cycle,Married,20130,34,0,0,17-03-2014,99
10364,1959,Graduation,Divorced,23295,20,0,0,13-07-2013,72
5954,1972,Master,Divorced,42618,192,1,0,9/10/13,92
1137,1964,Graduation,Single,81246,1379,0,0,29-12-2013,87
2541,1976,Graduation,Married,24027,48,1,0,9/6/13,7
1142,1953,PhD,Married,55707,428,0,1,22-12-2013,91
2276,1955,Graduation,Single,57959,868,0,1,2/5/13,71
2807,1969,Graduation,Married,56796,1001,0,1,16-02-2013,24
6471,1971,Master,Single,36230,59,1,0,17-10-2013,17
6131,1980,2n Cycle,Married,70829,431,1,1,1/12/13,87
6233,1976,Graduation,Married,65991,971,0,1,7/9/12,21
4148,1972,Graduation,Married,38988,348,1,2,20-08-2012,90
4947,1966,2n Cycle,Single,89572,2059,0,0,15-09-2012,44
3225,1984,Master,Married,42207,265,1,0,1/4/13,71
7540,1952,Graduation,Married,50300,270,0,1,25-05-2014,52
10648,1982,2n Cycle,Together,66664,1289,0,0,25-09-2012,78
1992,1964,Graduation,Married,60597,893,0,1,1/1/14,2
7851,1949,Graduation,Widow,70165,926,0,0,22-09-2013,60
8594,1958,PhD,Widow,50520,135,0,1,28-01-2014,25
7059,1963,Graduation,Married,80124,1495,0,0,26-06-2014,47
2815,1975,Graduation,Married,33183,120,1,0,24-02-2014,46
2416,1969,PhD,Single,66582,1288,0,0,3/3/14,83
7999,1955,PhD,Together,75261,1743,0,0,23-04-2013,17
9213,1970,Graduation,Widow,31880,15,1,0,31-10-2012,13
9697,1951,Graduation,Married,53790,542,0,2,6/3/14,86
3916,1971,PhD,Together,49269,890,1,0,15-08-2012,92
2021,1975,Graduation,Married,61456,1388,0,1,27-03-2013,47
1581,1980,Graduation,Married,37406,17,1,0,10/10/13,18
564,1981,PhD,Together,56937,906,1,0,4/8/12,81
6619,1978,Graduation,Married,38415,44,1,1,2/1/13,91
9081,1988,Graduation,Single,20518,25,1,0,18-05-2014,58
178,1956,Graduation,Married,62503,973,0,1,18-02-2013,40
916,1972,PhD,Single,41644,31,1,1,9/5/14,67
5512,1977,Master,Married,55842,518,0,1,23-05-2014,19
8970,1972,PhD,Married,62010,530,0,1,23-10-2012,93
10581,1977,Graduation,Married,41124,506,1,0,31-10-2012,41
5300,1973,Master,Married,38961,70,1,0,30-12-2013,60
5154,1972,Master,Divorced,37760,54,1,0,11/8/13,54
8346,1974,Graduation,Single,32233,296,1,0,19-08-2012,26
1676,1975,Graduation,Married,43057,266,0,1,30-10-2013,30
9286,1960,Master,Together,83151,747,0,0,10/10/12,93
2426,1964,PhD,Divorced,78825,895,0,0,14-09-2012,35
5172,1976,Master,Together,65104,1053,0,1,14-11-2013,4
5562,1974,Graduation,Married,60093,735,0,1,26-06-2013,92
3436,1969,Graduation,Married,14045,20,1,0,26-01-2014,24
3921,1952,2n Cycle,Widow,28457,205,0,0,28-10-2012,96
3403,1958,PhD,Together,78952,2092,0,1,24-09-2012,11
22,1976,Graduation,Divorced,46310,309,1,0,3/12/12,99
10965,1955,Graduation,Together,76005,1722,0,0,22-02-2013,72
9426,1964,Master,Single,58308,900,0,1,12/1/13,77
6605,1944,PhD,Divorced,55614,682,0,0,27-11-2013,85
3136,1962,Master,Divorced,59432,663,0,1,13-04-2013,88
8737,1978,Graduation,Divorced,55563,43,0,1,5/4/14,22
11088,1971,PhD,Together,78642,1816,0,1,21-04-2013,83
716,1949,PhD,Together,67911,976,0,1,22-05-2014,63
466,1944,Graduation,Married,65275,746,0,0,3/4/13,9
9135,1950,Graduation,Together,27203,64,1,1,6/8/12,92
10623,1961,Master,Together,48330,32,0,1,15-11-2013,2
8151,1990,Basic,Married,24279,263,0,0,29-12-2012,6
5140,1985,PhD,Married,64355,1445,1,0,24-08-2012,66
10160,1956,Master,Together,50943,46,0,1,21-06-2013,49
4945,1953,Graduation,Widow,53653,1210,0,0,7/11/12,29
10584,1976,Graduation,Married,65665,945,0,1,2/12/13,77
6071,1989,Graduation,Single,81217,1157,0,0,19-07-2013,77
3386,1992,Graduation,Married,34935,137,0,0,21-06-2013,71
8939,1959,Graduation,Divorced,61250,730,0,1,16-12-2012,49
9925,1981,PhD,Together,39665,216,1,0,25-05-2013,97
4320,1979,Graduation,Single,60152,943,0,1,28-03-2013,6
5389,1964,Graduation,Married,48920,347,0,2,20-10-2013,93
6036,1959,Master,Together,89120,1924,0,0,17-03-2014,78
182,1946,PhD,Together,44124,397,0,1,11/5/13,62
203,1975,Master,Single,81169,2089,0,0,14-04-2013,47
11025,1961,Graduation,Married,36443,138,1,1,3/2/13,9
10203,1990,Graduation,Single,26095,42,1,0,30-06-2013,77
4607,1959,Graduation,Together,71367,777,0,0,23-08-2013,24
3711,1944,Master,Married,80184,1902,0,0,1/3/14,19
3696,1965,Graduation,Divorced,30630,52,1,1,27-01-2014,67
2532,1987,Master,Single,73454,1651,0,0,1/3/14,95
9214,1991,Graduation,Married,42691,358,0,0,16-08-2013,48
4943,1953,Graduation,Married,70503,1727,0,0,30-09-2012,73
35,1987,Graduation,Married,25545,210,1,0,8/9/12,35
2258,1986,Graduation,Married,32880,42,1,0,4/12/12,76
4322,1958,PhD,Together,77863,1291,0,0,27-11-2013,20
713,1977,Master,Married,50353,442,0,0,8/6/14,72
4702,1964,Graduation,Single,61839,1895,0,0,12/8/12,20
3281,1960,PhD,Married,49154,411,1,1,3/11/13,69
702,1975,2n Cycle,Widow,47682,521,0,1,15-02-2013,80
2004,1969,Graduation,Single,72679,1168,0,1,18-09-2013,65
4769,1977,Master,Together,57954,493,1,1,18-06-2014,52
4437,1962,Graduation,Married,65316,260,1,1,24-04-2013,65
8724,1982,Graduation,Single,28567,46,1,0,17-06-2013,57
10741,1951,Master,Together,47352,319,0,1,11/4/13,70
1991,1967,Graduation,Together,44931,96,0,1,18-01-2014,0
6931,1967,Graduation,Divorced,76982,1062,0,0,15-02-2014,19
11096,1952,2n Cycle,Together,57247,232,0,1,8/8/13,50
304,1981,Master,Single,22944,76,1,0,23-12-2013,67
3665,1977,2n Cycle,Together,25315,54,1,0,7/11/13,46
10591,1969,Graduation,Widow,43638,201,0,1,6/8/12,37
5036,1984,PhD,Single,42710,406,1,0,28-11-2012,38
5547,1982,PhD,Married,84169,1919,0,0,7/8/13,9
7822,1976,Graduation,Together,54058,662,0,1,4/6/13,56
8541,1990,2n Cycle,Married,24683,41,1,0,8/3/14,98
10955,1964,Graduation,Widow,85620,1600,0,0,7/1/14,68
4368,1980,Graduation,Married,47850,134,1,0,3/12/13,72
9671,1968,Graduation,Married,19514,69,1,1,26-01-2014,47
2256,1973,Master,Married,27159,21,1,1,29-03-2014,33
4279,1963,2n Cycle,Single,39548,54,1,1,31-03-2014,87
5371,1989,Graduation,Single,21474,91,1,0,8/4/14,0
9240,1971,PhD,Single,60504,526,0,1,7/2/14,73
9460,1963,Graduation,Married,22419,162,0,0,18-04-2013,74
9504,1949,Master,Married,81698,1008,0,0,6/11/13,4
8692,1952,Graduation,Together,43462,240,1,1,12/9/12,50
448,1978,PhD,Single,54880,795,1,0,1/3/13,57
8314,1982,Graduation,Married,79908,1772,0,0,5/4/13,30
8420,1970,2n Cycle,Married,15315,64,0,0,3/8/13,27
3174,1959,Graduation,Together,87771,1957,0,1,22-05-2013,61
7685,1978,Graduation,Married,33039,78,1,0,9/9/13,4
3179,1980,Graduation,Single,81741,1572,0,0,16-06-2013,75
9780,1971,Master,Together,71499,795,0,1,25-06-2013,12
10681,1970,2n Cycle,Married,62466,889,0,1,15-01-2014,13
10232,1963,PhD,Divorced,48799,331,0,1,5/11/13,9
4184,1950,PhD,Together,52157,265,0,1,7/6/14,48
9120,1962,Graduation,Single,66565,1065,0,1,5/12/12,80
891,1951,Master,Together,29298,11,1,1,7/9/13,60
10381,1979,Graduation,Single,47691,21,0,1,5/7/13,43
3525,1970,Graduation,Together,38200,17,1,1,7/12/12,19
6818,1974,Graduation,Married,44989,369,0,1,12/9/12,26
3526,1968,PhD,Married,38443,38,1,1,27-01-2014,58
8181,1978,2n Cycle,Single,38593,177,1,0,13-09-2013,42
1029,1970,PhD,Together,64413,279,0,1,1/8/13,27
7369,1981,Master,Married,36959,62,1,0,2/10/13,56
2574,1977,PhD,Married,61996,1230,0,1,31-01-2013,27
8159,1968,Graduation,Married,51287,182,1,1,1/4/14,10
1160,1970,Graduation,Married,13260,49,1,1,23-08-2013,48
10242,1966,PhD,Together,47472,75,1,1,16-09-2013,39
5253,1956,Master,Together,54603,227,1,1,9/7/13,85
5966,1974,PhD,Married,45207,215,1,1,10/11/12,64
5314,1951,Graduation,Together,40689,444,0,1,18-03-2013,69
5081,1967,2n Cycle,Together,47821,47,1,1,20-10-2013,54
5123,1951,Master,Married,27450,143,0,0,15-04-2013,57
5756,1983,Graduation,Together,39453,55,1,0,3/4/14,64
8036,1971,2n Cycle,Together,26850,63,1,1,18-04-2014,10
9058,1955,Graduation,Widow,79800,1867,0,0,23-09-2012,65
5057,1961,Master,Married,61794,611,0,1,14-09-2013,74
254,1955,Graduation,Together,53863,473,0,1,17-05-2014,4
4179,1959,Graduation,Together,24221,55,0,0,20-08-2013,94
3710,1984,PhD,Single,39684,81,1,0,12/10/12,41
7627,1975,Master,Married,92163,2086,0,0,12/12/12,25
4501,1965,Master,Single,69882,1478,0,0,10/11/13,94
6424,1977,Graduation,Together,33178,49,1,0,30-01-2014,9
3075,1972,PhD,Married,59973,382,0,0,11/9/13,47
4992,1975,Master,Together,17459,69,1,0,19-09-2013,12
5252,1969,Graduation,Divorced,23910,67,1,0,26-10-2012,80
7444,1969,Master,Married,42169,30,1,1,19-10-2013,20
6919,1978,2n Cycle,Married,26224,63,1,0,4/6/13,39
3537,1981,Graduation,Together,31089,79,1,0,17-08-2012,57
10277,1961,Graduation,Single,30081,42,0,1,21-02-2013,27
2453,1960,Graduation,Together,62807,819,0,1,31-08-2012,83
7972,1955,Graduation,Single,72906,1151,0,0,17-09-2013,79
895,1948,PhD,Married,61467,594,0,2,9/12/12,69
1177,1966,Master,Together,49618,129,1,1,26-01-2013,77
7141,1986,Master,Single,21888,213,1,0,29-12-2012,15
7232,1973,Graduation,Widow,42429,67,0,1,11/2/14,99
8477,1956,Graduation,Divorced,26150,28,2,1,11/3/13,61
2457,1975,Basic,Married,30801,45,0,1,26-10-2012,23
988,1965,Graduation,Married,81168,1193,0,0,7/5/14,84
7930,1969,Master,Single,26877,268,0,0,19-08-2013,74
4587,1944,Master,Widow,45006,266,0,0,18-07-2013,90
6682,1973,Basic,Married,18978,37,1,0,11/12/12,41
6222,1967,Graduation,Married,22574,37,2,1,28-10-2013,28
10299,1969,PhD,Single,48240,882,0,0,9/11/12,73
3083,1974,Graduation,Married,45837,373,1,1,26-07-2013,88
8953,1965,Master,Single,35791,35,2,1,6/5/13,94
1503,1976,PhD,Together,162397,107,1,1,3/6/13,31
8650,1978,Graduation,Widow,54162,42,1,1,18-03-2013,31
10862,1960,Master,Married,30522,326,0,1,17-08-2012,6
2782,1961,PhD,Married,54456,404,0,1,11/7/13,23
6941,1971,Graduation,Single,31632,95,0,0,14-07-2013,92
10972,1949,Graduation,Widow,72298,939,0,0,10/3/14,52
10708,1978,2n Cycle,Single,36975,33,1,0,28-12-2013,50
6583,1955,2n Cycle,Married,72635,981,0,0,3/6/13,54
3641,1976,Graduation,Married,13624,36,1,0,20-01-2013,93
10156,1975,Graduation,Single,84196,1237,0,1,3/6/13,56
4299,1960,Graduation,Together,70971,1825,0,1,21-09-2012,28
3469,1977,PhD,Divorced,34487,103,1,1,6/9/12,94
5063,1977,Graduation,Single,28769,191,1,0,18-12-2012,76
10727,1970,PhD,Married,69084,1586,1,0,19-11-2013,43
9624,1958,PhD,Together,65488,963,0,0,13-06-2014,46
5156,1970,2n Cycle,Married,62466,889,0,1,15-01-2014,13
4376,1960,2n Cycle,Single,32218,93,0,0,15-02-2014,27
8923,1973,Graduation,Single,83917,1587,0,0,18-04-2013,12
8461,1962,Graduation,Divorced,46102,16,2,1,10/3/14,3
6945,1952,Graduation,Single,84574,1375,0,0,4/6/13,72
944,1962,Graduation,Married,56181,393,0,1,8/1/13,6
1907,1950,Master,Divorced,63120,1477,0,1,28-09-2012,53
701,1971,Graduation,Married,73691,1179,0,1,6/11/13,58
3856,1960,Graduation,Together,63381,1005,0,1,5/10/12,78
4149,1948,PhD,Together,76140,1348,0,0,13-05-2014,57
2131,1959,PhD,Divorced,62859,1307,0,1,30-12-2012,37
2942,1964,Graduation,Single,45906,486,0,1,7/5/13,20
1173,1947,Master,Together,77632,2252,0,0,10/3/13,73
4381,1971,PhD,Married,46463,235,1,1,18-08-2013,56
4611,1970,Graduation,Together,105471,1724,0,0,21-01-2013,36
3376,1970,Master,Divorced,55282,235,1,0,13-12-2013,9
4679,1977,Master,Married,78710,1092,0,1,23-05-2014,42
10928,1958,Graduation,Together,66886,599,0,1,16-09-2013,28
4248,1960,Master,Single,98777,2008,0,0,17-02-2014,23
6728,1985,Graduation,Together,29103,48,1,0,27-08-2012,38
6661,1974,Graduation,Married,67445,1174,0,1,12/8/12,63
4725,1950,PhD,Together,50616,67,0,1,13-04-2014,71
3277,1955,Graduation,Divorced,49431,365,0,1,3/8/12,9
5555,1975,Graduation,Divorced,153924,6,0,0,7/2/14,81
2564,1953,Graduation,Together,61278,165,0,1,4/1/14,87
946,1958,2n Cycle,Together,26490,210,0,0,22-09-2012,92
3867,1947,PhD,Together,73059,1095,0,1,31-08-2013,36
6940,1966,PhD,Single,46734,223,1,2,21-10-2013,86
55,1963,Graduation,Together,56253,597,0,1,7/12/12,83
7093,1985,Graduation,Married,19986,22,1,0,14-11-2013,74
5084,1975,Graduation,Widow,58330,1064,0,1,25-12-2013,87
1777,1980,Basic,Married,25965,74,0,0,7/9/12,29
8162,1956,Master,Together,14661,26,0,0,1/1/13,88
10826,1959,Graduation,Married,18690,60,0,0,28-12-2012,77
8754,1974,PhD,Together,45068,20,0,1,16-05-2013,25
1987,1987,Basic,Single,21063,59,1,0,25-09-2013,34
11007,1968,PhD,Married,29187,34,1,0,9/5/13,43
7426,1971,2n Cycle,Married,54690,198,1,1,7/11/13,76
9153,1964,PhD,Married,59304,1048,0,1,29-07-2013,81
10379,1962,Master,Single,59247,574,0,2,8/11/13,87
9204,1970,Graduation,Widow,66731,1029,0,1,12/9/12,33
3197,1980,Graduation,Married,77353,670,0,1,16-12-2013,38
2920,1975,PhD,Single,52614,990,0,1,1/12/12,63
6961,1974,Graduation,Married,26751,11,2,0,22-05-2014,26
4673,1963,PhD,Married,81300,1241,0,1,30-10-2012,17
9937,1979,Graduation,Single,70337,576,0,0,2/1/14,75
8779,1985,2n Cycle,Married,36145,172,1,0,16-06-2013,13
9596,1980,PhD,Single,65295,664,0,0,23-12-2013,19
2891,1963,Graduation,Divorced,68118,928,0,1,18-10-2013,51
4910,1967,Graduation,Divorced,68743,2074,0,0,30-08-2012,81
75,1982,2n Cycle,Together,41039,467,0,0,25-07-2013,32
10120,1955,Graduation,Together,38946,257,0,1,24-10-2013,84
6327,1967,Graduation,Together,65777,1146,0,0,19-12-2013,87
10142,1976,PhD,Divorced,66476,689,0,1,7/3/13,99
9826,1972,PhD,Single,86857,2114,0,0,12/9/12,96
1501,1982,PhD,Married,160803,1717,0,0,4/8/12,21
10767,1989,PhD,Together,77845,1346,0,0,16-05-2014,40
7279,1969,PhD,Together,69476,1044,0,0,30-09-2013,3
7230,1960,PhD,Divorced,50611,493,0,1,4/10/12,98
143,1970,Graduation,Single,61209,957,0,0,25-08-2013,73
450,1958,Master,Together,42315,270,0,1,12/7/13,90
9316,1952,Basic,Together,13084,29,0,0,2/11/13,29
6379,1949,Master,Widow,47570,121,1,1,29-05-2013,3
9239,1961,Master,Married,61923,126,0,2,26-07-2013,94
8315,1995,Graduation,Single,34824,23,0,0,26-03-2014,65
2868,1949,PhD,Single,26518,57,1,1,8/4/13,33
10888,1961,Graduation,Single,45938,636,0,0,3/11/13,46
1277,1960,Graduation,Together,78468,1004,0,0,9/4/14,29
9977,1973,Graduation,Divorced,78901,734,0,1,17-09-2013,99
10196,1978,Graduation,Married,71427,614,2,0,12/3/14,26
6384,1978,Graduation,Divorced,71022,1453,0,1,11/2/14,30
8029,1988,Master,Single,90247,1621,0,0,29-04-2014,27
968,1968,Master,Divorced,41335,187,1,0,26-12-2013,24
6988,1986,Graduation,Married,71952,1443,1,0,10/1/13,93
4472,1970,PhD,Divorced,35682,57,1,0,27-06-2014,34
6991,1951,Graduation,Divorced,43185,637,0,1,10/4/13,88
3336,1948,PhD,Together,66375,948,0,1,21-11-2013,96
4301,1971,Master,Married,35178,59,1,0,10/1/13,10
1940,1986,Graduation,Married,25252,18,1,0,12/7/13,26
1272,1965,Master,Single,55250,903,0,1,21-10-2012,49
1388,1975,Graduation,Single,33249,112,1,0,20-02-2013,11
1044,1953,Graduation,Together,58398,596,0,0,14-05-2013,44
6969,1982,Graduation,Together,50272,233,1,0,7/8/13,75
10479,1975,PhD,Married,76618,1511,0,0,7/12/12,64
3619,1960,2n Cycle,Divorced,87305,1152,0,0,23-09-2012,19
1715,1978,Graduation,Together,25851,48,1,0,11/2/13,45
10159,1970,Graduation,Divorced,58710,1185,0,1,31-03-2013,77
1463,1958,Graduation,Single,45160,21,1,1,29-03-2014,9
5114,1965,Master,Married,74806,965,0,1,19-12-2012,1
4990,1954,Graduation,Married,59111,869,0,0,2/5/13,90
4329,1984,PhD,Married,18988,16,1,0,23-05-2014,43
10936,1965,Graduation,Married,72190,1947,0,0,13-02-2013,79
4692,1976,Graduation,Married,7500,71,1,0,1/8/12,19
7212,1966,Graduation,Married,44794,65,0,1,8/6/14,99
6086,1955,Graduation,Married,80395,1380,0,0,23-11-2013,62
437,1976,Master,Divorced,75012,1027,0,0,25-01-2014,41
11171,1965,Master,Married,56962,411,2,1,11/10/13,60
11101,1991,Graduation,Together,89891,836,0,0,15-04-2013,17
5329,1949,PhD,Divorced,35946,11,1,1,27-09-2013,24
610,1953,PhD,Together,53593,480,1,1,7/8/12,60
9384,1978,Graduation,Married,66373,606,1,1,12/6/13,57
5956,1948,PhD,Divorced,45072,284,1,2,16-10-2013,74
10430,1973,Graduation,Divorced,89694,1472,1,1,9/10/13,22
7875,1949,Graduation,Married,72025,1677,0,0,29-04-2014,46
7072,1973,Graduation,Married,67432,1335,0,1,29-03-2013,69
6255,1952,Master,Together,70545,334,0,1,3/6/14,29
6516,1989,Basic,Married,17487,18,1,0,18-03-2013,37
5564,1969,Graduation,Together,62882,1338,0,1,9/8/12,26
5682,1953,PhD,Single,64108,1099,0,1,23-03-2013,8
7458,1956,Master,Together,34941,97,1,1,6/3/13,26
5237,1950,PhD,Single,48767,63,1,2,1/1/14,79
7761,1978,2n Cycle,Together,38702,109,1,0,1/8/13,71
5278,1964,Graduation,Married,82224,902,0,0,25-01-2014,83
3560,1952,Graduation,Together,83844,1574,0,0,12/5/13,57
7235,1975,2n Cycle,Married,17003,38,1,0,9/12/13,37
10548,1995,Graduation,Single,71163,960,0,0,9/3/14,30
2281,1970,Graduation,Single,33697,28,1,0,15-09-2013,34
4073,1954,2n Cycle,Married,63564,1215,0,0,29-01-2014,0
6974,1972,PhD,Together,83443,1497,0,0,31-12-2013,89
7938,1958,PhD,Together,51518,449,0,1,3/10/13,92
7094,1975,Graduation,Widow,58330,1064,0,1,25-12-2013,87
3667,1969,Graduation,Married,80952,1757,0,0,28-02-2013,20
7723,1979,Graduation,Together,75507,1440,0,0,2/5/14,56
3870,1978,2n Cycle,Together,63855,1006,0,0,9/2/13,28
4012,1972,PhD,Together,62220,1226,0,1,11/8/12,55
5909,1964,Graduation,Married,58512,1171,0,1,19-09-2013,25
10470,1979,Master,Married,40662,92,1,0,15-03-2013,0
6488,1959,PhD,Married,38829,99,0,1,6/4/14,86
10270,1981,2n Cycle,Married,35523,66,1,0,3/10/13,8
6887,1967,Graduation,Single,79146,564,1,1,24-04-2014,33
6406,1988,Master,Married,78285,1427,0,0,28-10-2013,13
7573,1978,PhD,Single,31626,86,1,0,10/5/13,12
4508,1952,Graduation,Single,75127,833,0,0,22-05-2014,92
221,1955,Graduation,Married,48726,242,0,1,27-04-2013,90
5331,1977,Graduation,Married,74985,1869,0,0,11/9/12,8
1911,1987,Graduation,Together,67430,1364,0,0,5/9/12,6
20,1965,2n Cycle,Married,46891,183,0,1,1/9/13,91
8786,1956,Master,Married,62058,450,0,1,26-05-2013,52
10582,1979,Graduation,Married,72063,758,0,1,3/7/13,3
1915,1951,PhD,Married,78939,1507,0,0,12/12/13,57
8897,1965,Graduation,Single,42720,654,1,1,24-04-2013,9
2371,1972,Graduation,Married,33622,81,1,1,13-04-2013,22
4303,1957,PhD,Together,6835,137,0,1,8/12/12,76
6825,1953,Graduation,Together,41452,16,1,1,6/3/13,86
1072,1965,PhD,Single,40760,93,0,1,30-08-2013,64
4964,1958,PhD,Together,74250,1158,0,0,26-01-2014,90
2461,1955,Master,Single,51124,43,1,1,18-12-2013,79
10736,1971,Graduation,Single,72258,1525,0,1,12/9/13,28
3194,1974,PhD,Single,71466,1230,0,0,5/4/14,86
10839,1976,Graduation,Together,36283,29,1,1,14-04-2014,42
49,1970,Graduation,Single,20587,25,1,0,11/5/14,39
4290,1972,Graduation,Married,30467,24,1,0,19-03-2014,8
10219,1972,Graduation,Together,31590,38,1,0,18-06-2013,40
4211,1986,Basic,Married,20425,57,1,0,29-10-2012,5
1135,1960,Master,Together,17144,47,1,1,15-02-2014,96
6299,1968,PhD,Divorced,42564,813,0,1,2/1/13,28
10846,1978,Master,Married,43783,629,1,0,29-05-2014,22
347,1976,Graduation,Divorced,40780,377,0,1,8/9/12,30
6543,1945,Master,Together,62847,1612,0,0,15-01-2013,45
10446,1957,PhD,Married,82017,729,0,0,7/11/12,58
3479,1950,Graduation,Single,16813,50,0,0,19-07-2013,49
11075,1978,Graduation,Married,51267,270,1,1,29-10-2013,37
4442,1961,Graduation,Single,46524,177,0,1,5/4/13,70
199,1962,Master,Single,45183,315,0,0,20-01-2013,33
6722,1954,PhD,Married,70421,767,0,1,28-06-2014,98
796,1965,2n Cycle,Divorced,60161,1071,0,1,23-10-2012,17
3749,1973,Graduation,Together,73926,1580,0,0,2/3/13,54
8523,1968,Graduation,Married,19329,60,1,0,14-12-2013,39
310,1970,Master,Married,61872,573,0,1,13-12-2013,81
8629,1956,Graduation,Widow,46984,41,1,1,26-03-2013,71
236,1951,Graduation,Married,34838,170,1,1,19-01-2013,62
9930,1944,PhD,Single,82716,1167,0,0,5/11/13,8
3483,1958,Graduation,Married,48192,1526,0,0,6/4/13,76
4599,1976,Master,Married,49681,458,0,2,4/11/13,66
7326,1971,Master,Married,56850,63,0,1,23-03-2014,83
7352,1957,Graduation,Married,55267,405,0,1,21-10-2013,28
2350,1972,Graduation,Married,59666,1027,1,1,22-03-2013,87
9145,1972,Graduation,Single,72504,1478,0,1,6/4/13,43
2964,1981,Graduation,Married,26872,72,0,0,16-10-2013,0
5585,1972,Graduation,Single,21359,48,1,0,20-04-2013,1
9687,1975,Graduation,Single,73170,726,0,0,31-05-2014,1
3732,1955,Master,Married,52750,860,0,1,4/2/13,72
6303,1986,PhD,Together,91820,1497,0,0,23-11-2013,72
11176,1970,PhD,Together,65968,495,0,1,12/5/14,12
2986,1976,Graduation,Married,30772,20,1,1,12/3/14,89
7462,1954,Graduation,Single,22507,570,0,0,24-11-2012,67
3900,1972,Graduation,Married,65685,769,0,1,29-03-2014,54
7034,1978,2n Cycle,Married,25804,55,1,0,1/9/13,34
9493,1980,PhD,Single,76412,1808,0,0,5/5/13,15
1143,1972,Graduation,Married,22063,55,1,0,8/8/13,43
1,1961,Graduation,Single,57091,577,0,0,15-06-2014,0
3855,1963,Graduation,Married,22419,162,0,0,18-04-2013,74
5536,1959,Graduation,Together,87771,1957,0,1,22-05-2013,61
5989,1959,2n Cycle,Divorced,78353,1576,0,1,16-04-2013,51
9499,1954,Graduation,Married,93404,1616,1,2,7/5/13,97
6768,1962,Graduation,Divorced,37859,36,1,2,12/1/13,75
2150,1958,PhD,Widow,80995,1482,0,1,11/5/13,83
6646,1984,Graduation,Together,16529,22,1,0,1/3/14,23
4887,1976,PhD,Divorced,55412,63,1,1,22-11-2013,65
8560,1992,Graduation,Single,48789,680,0,0,10/9/12,94
3321,1967,PhD,Together,56575,542,0,2,5/5/13,42
11003,1980,2n Cycle,Together,25130,50,1,0,2/10/13,10
10402,1967,Graduation,Married,35441,39,1,1,14-02-2013,94
9904,1956,Graduation,Married,71391,1043,0,1,29-03-2013,50
6141,1972,Master,Single,49494,385,1,0,25-04-2013,46
5687,1980,Graduation,Divorced,81702,1633,0,0,23-09-2012,98
10856,1980,2n Cycle,Single,45889,46,0,1,2/7/13,42
5121,1977,Graduation,Single,56628,761,0,1,21-03-2014,30
4186,1950,Graduation,Together,34026,76,1,1,5/8/13,11
368,1974,Graduation,Married,40049,290,0,1,29-11-2012,61
3312,1988,Graduation,Single,34176,89,1,0,12/5/14,12
11121,1981,Graduation,Married,19419,70,1,0,10/11/12,76
5332,1960,2n Cycle,Married,82504,1066,0,0,27-07-2013,2
5848,1970,Graduation,Together,81205,2009,0,0,13-01-2014,43
10343,1991,2n Cycle,Single,61618,1345,0,0,29-09-2012,27
5935,1956,Master,Single,55284,764,0,1,24-12-2012,60
2895,1963,Graduation,Single,49980,195,0,1,23-10-2013,79
10262,1980,Graduation,Married,15072,53,2,0,10/5/13,96
7848,1974,Graduation,Single,49166,368,0,1,13-06-2013,17
9477,1954,PhD,Married,65324,544,0,1,11/1/14,0
4856,1957,2n Cycle,Married,82347,1853,0,0,6/11/12,38
7186,1966,PhD,Together,30843,35,1,1,26-05-2014,43
5794,1974,PhD,Married,46374,446,0,1,17-03-2014,1
1456,1979,Graduation,Single,60474,1180,0,1,1/4/13,25
4877,1973,Master,Married,38576,41,0,1,4/3/14,2
425,1985,Graduation,Married,55357,727,2,0,19-02-2013,66
3007,1966,Graduation,Together,37758,40,1,1,4/10/12,49
1031,1989,2n Cycle,Married,85710,1062,0,0,5/5/13,5
4297,1969,Graduation,Together,23228,40,1,0,26-01-2014,71
807,1969,Master,Together,44602,292,1,1,15-02-2014,35
9553,1987,Graduation,Married,7500,15,0,0,9/1/13,94
4271,1989,2n Cycle,Together,38683,341,1,0,4/10/12,80
4120,1975,2n Cycle,Single,49514,369,1,0,17-12-2013,61
2036,1973,PhD,Together,57906,401,0,1,11/6/13,29
115,1966,Master,Single,43456,393,0,1,26-03-2013,0
4259,1986,Master,Single,19485,10,2,0,24-09-2013,80
8687,1978,Graduation,Together,53172,486,0,1,6/5/13,54
2447,1979,Graduation,Together,30545,69,1,0,17-10-2012,71
10140,1983,PhD,Together,70123,1727,0,0,28-09-2013,27
9353,1959,Graduation,Single,62450,995,0,1,6/1/14,61
3623,1976,Graduation,Together,21675,45,1,0,11/6/14,55
738,1981,2n Cycle,Single,42395,182,1,1,4/4/14,35
7631,1978,Master,Together,61346,989,1,0,6/10/13,34
4789,1953,Graduation,Together,80812,1677,0,0,17-09-2013,95
773,1971,Master,Divorced,42835,595,1,1,30-06-2013,64
10602,1983,Graduation,Married,39922,156,1,0,14-02-2013,30
1446,1956,Master,Single,86424,1226,0,0,5/4/14,12
3270,1978,2n Cycle,Together,17117,128,1,0,17-01-2013,96
8443,1972,Graduation,Single,24762,86,1,0,10/2/14,16
9653,1975,Graduation,Married,35797,68,0,1,16-10-2012,16
8916,1975,Graduation,Divorced,36627,16,2,0,23-07-2013,78
8017,1981,2n Cycle,Married,51111,55,1,1,19-06-2014,83
5830,1972,PhD,Single,86857,2114,0,0,12/9/12,96
4597,1970,PhD,Together,82072,2018,0,0,2/7/13,67
7023,1953,PhD,Single,46231,263,2,1,26-11-2012,87
8086,1959,Graduation,Married,42243,55,1,1,11/12/13,34
8825,1962,Graduation,Together,51195,564,1,1,1/4/13,46
2930,1978,Master,Single,68092,1281,0,0,16-12-2013,7
1928,1973,Graduation,Married,31814,83,1,0,9/2/13,73
7108,1965,Master,Widow,51390,353,1,1,8/9/12,54
10925,1983,Graduation,Married,76630,1003,0,0,14-01-2014,93
9960,1991,Basic,Single,26868,14,1,0,30-04-2014,52
8800,1943,PhD,Divorced,48948,902,0,0,1/2/13,53
9224,1972,PhD,Single,55260,1139,0,1,12/12/12,81
5519,1956,Graduation,Together,64090,797,0,1,7/8/13,8
5046,1958,Graduation,Divorced,78331,1638,0,1,23-01-2014,97
7037,1974,PhD,Married,37087,401,1,0,11/8/13,50
905,1986,Graduation,Divorced,21846,84,1,0,22-10-2013,38
8624,1958,Graduation,Married,81320,928,0,0,6/2/13,61
8945,1970,Graduation,Divorced,54137,203,0,1,16-08-2013,46
6445,1967,Graduation,Together,66825,858,0,0,14-07-2013,73
2727,1973,Graduation,Together,57100,409,0,0,4/12/13,19
6404,1969,Graduation,Together,58917,282,1,2,24-03-2013,10
11074,1977,Graduation,Single,85072,1423,0,0,9/4/14,94
10150,1961,Graduation,Single,86429,1449,0,0,21-11-2013,10
1968,1971,Graduation,Widow,45684,28,1,0,2/12/13,37
6534,1974,Graduation,Together,47889,67,1,0,4/1/14,94
9485,1986,PhD,Married,45921,199,0,0,10/3/14,23
7053,1966,PhD,Single,78420,1453,0,0,29-06-2013,75
4654,1992,Graduation,Together,75114,1253,0,0,7/11/13,40
9760,1963,PhD,Widow,52278,1198,0,1,25-01-2013,24
1048,1972,Master,Married,35641,178,1,0,14-07-2013,11
10619,1994,Graduation,Single,95529,1990,0,0,3/12/12,29
9308,1954,Graduation,Married,62820,976,0,0,11/5/13,51
10505,1960,Master,Together,73113,1001,0,0,26-12-2013,86
8362,1982,PhD,Married,84169,1919,0,0,7/8/13,9
2625,1954,2n Cycle,Single,42607,350,0,1,17-11-2013,30
4637,1954,PhD,Single,74637,1650,0,0,18-05-2013,73
9972,1955,PhD,Together,46015,46,1,1,13-04-2014,25
4483,1993,Graduation,Single,72354,1228,0,0,17-04-2013,67
4487,1969,Master,Single,39858,95,1,0,24-01-2013,67
4988,1948,PhD,Married,34469,62,1,1,4/5/14,58
8931,1986,Graduation,Together,83033,1761,1,0,18-05-2014,82
5871,1979,Master,Together,24401,467,0,0,31-08-2012,98
2008,1978,Graduation,Married,77583,1149,0,0,10/2/14,93
3139,1982,2n Cycle,Single,74116,2052,0,0,30-12-2013,53
10037,1993,Graduation,Single,74293,1127,0,0,4/5/14,66
10673,1976,PhD,Married,68397,1416,0,1,17-11-2013,6
5303,1974,PhD,Together,79632,1113,0,0,8/4/14,42
538,1989,Graduation,Single,46107,125,1,0,10/2/14,78
7922,1951,PhD,Single,64950,966,0,1,12/8/12,29
5692,1989,Basic,Married,25443,32,1,0,22-12-2012,82
4843,1952,Graduation,Single,75127,833,0,0,22-05-2014,92
6383,1971,PhD,Together,32892,46,1,0,25-05-2014,78
1628,1971,Graduation,Together,71796,960,0,0,24-10-2013,54
1204,1970,PhD,Married,67536,1829,0,1,22-05-2013,45
3673,1971,Graduation,Single,55239,779,0,1,14-07-2013,59
760,1975,PhD,Divorced,60554,811,1,0,9/8/13,8
8957,1952,2n Cycle,Single,64831,1120,1,1,10/6/13,51
4128,1962,PhD,Together,56067,725,0,1,20-07-2013,51
6810,1983,Graduation,Divorced,82025,1187,0,0,28-05-2013,76
5386,1953,Graduation,Together,94384,2302,0,0,4/3/13,62
8700,1986,Basic,Single,14906,66,0,0,22-12-2012,86
3202,1987,PhD,Married,51563,1250,0,0,1/10/12,60
1328,1982,2n Cycle,Married,57937,683,0,1,16-02-2014,56
8405,1979,Graduation,Divorced,68274,305,1,1,30-09-2013,83
6515,1977,Graduation,Together,39771,50,1,0,6/12/13,92
2882,1975,2n Cycle,Divorced,67893,995,0,1,1/10/12,31
7574,1979,PhD,Together,27922,41,1,0,10/5/14,80
6387,1976,PhD,Together,52190,77,1,1,8/5/14,39
5320,1973,Master,Divorced,44051,171,1,1,29-01-2013,20
5048,1971,PhD,Single,42767,131,2,0,11/5/13,53
8146,1976,Master,Together,46106,54,1,1,11/5/14,84
10031,1976,PhD,Married,16927,53,1,1,10/2/13,50
5748,1965,Graduation,Married,59754,475,0,1,1/12/12,96
2134,1952,Graduation,Single,53700,694,0,1,17-08-2012,94
1523,1973,Graduation,Married,59041,96,1,1,7/5/14,25
9665,1957,PhD,Divorced,54237,361,0,1,27-04-2013,48
4640,1967,Graduation,Divorced,70647,1079,0,1,21-09-2012,65
3635,1962,PhD,Single,52597,578,0,1,7/5/14,69
3547,1969,Master,Together,41021,64,1,0,30-12-2012,12
2456,1975,PhD,Married,40233,149,0,1,14-10-2013,84
5633,1980,Graduation,Married,50183,231,1,1,25-06-2014,47
7801,1959,Graduation,Together,54753,728,0,1,12/9/13,87
10489,1973,Graduation,Married,92955,1778,0,0,19-08-2013,35
7011,1973,Graduation,Married,33471,93,1,0,12/10/12,47
2620,1974,PhD,Married,34596,23,1,0,13-04-2013,48
3933,1980,Graduation,Together,44010,662,1,0,13-10-2012,46
10981,1988,Graduation,Married,84219,1198,0,0,2/2/14,27
1734,1968,PhD,Together,40706,81,2,1,17-01-2013,37
10995,1988,2n Cycle,Married,15716,92,1,0,12/11/12,8
6357,1959,2n Cycle,Divorced,59052,491,0,1,17-11-2013,29
9209,1971,Master,Together,80573,1564,0,0,14-10-2012,85
10286,1962,Graduation,Married,83715,926,0,0,3/2/14,2
2611,1959,Master,Together,82576,1910,0,0,1/8/12,66
1600,1965,Master,Married,56962,411,2,1,11/10/13,60
3308,1952,Graduation,Married,35704,94,1,1,3/1/14,54
5407,1954,Graduation,Together,53103,1085,0,1,12/9/13,70
2166,1960,2n Cycle,Widow,46779,23,1,1,12/7/13,55
3955,1965,Graduation,Divorced,4861,6,0,0,22-06-2014,20
6634,1979,Master,Divorced,33462,54,1,0,7/8/13,78
3056,1978,Graduation,Divorced,63693,1150,0,1,14-10-2013,63
5718,1950,Graduation,Married,80763,1415,0,0,15-08-2013,17
6872,1974,PhD,Married,65352,405,0,1,21-08-2013,43
8164,1978,PhD,Married,82170,1908,0,0,25-11-2013,13
4580,1969,Graduation,Married,75759,2486,0,0,25-10-2013,46
9305,1976,2n Cycle,Single,79689,1315,0,0,12/5/13,65
453,1956,PhD,Widow,35340,45,1,1,29-06-2014,1
8545,1954,Graduation,Divorced,85683,1789,0,0,21-03-2014,6
9850,1972,2n Cycle,Married,24884,19,1,0,29-11-2012,32
7378,1981,Master,Together,42021,573,1,0,31-08-2012,34
7646,1989,Graduation,Single,64449,805,1,0,18-02-2014,70
1640,1954,Graduation,Divorced,64587,108,1,1,22-06-2014,49
5184,1995,Graduation,Single,34824,23,0,0,26-03-2014,65
8492,1978,Graduation,Together,75437,1493,0,0,9/11/13,25
11188,1957,Graduation,Together,26091,89,1,1,25-02-2014,84
1212,1973,Graduation,Married,52845,936,1,0,13-08-2013,7
9097,1956,Graduation,Divorced,46086,343,0,1,3/11/13,34
10473,1956,PhD,Widow,78028,528,0,1,10/9/12,38
7962,1987,PhD,Single,95169,1901,0,0,9/10/13,1
9984,1981,2n Cycle,Married,56337,724,1,1,27-03-2013,25
5527,1987,Graduation,Together,22434,58,1,0,13-02-2013,25
6374,1954,PhD,Married,36930,297,0,1,17-05-2013,50
7453,1954,Graduation,Single,36130,488,0,1,2/2/13,46
8952,1953,Master,Married,65569,859,0,1,5/11/12,96
241,1952,Graduation,Together,83844,1574,0,0,12/5/13,57
8975,1968,Graduation,Married,19514,69,1,1,26-01-2014,47
6119,1963,PhD,Single,36736,17,1,1,10/5/13,52
5236,1979,Graduation,Together,77568,2194,0,1,25-08-2012,30
5723,1976,PhD,Together,49187,116,0,1,11/1/14,63
1710,1978,Graduation,Single,30168,279,1,0,7/3/13,51
1970,1968,Master,Together,34053,103,0,1,10/9/12,14
5313,1971,Master,Married,38196,44,1,1,18-04-2014,20
10634,1951,Master,Married,59412,406,0,0,19-04-2014,56
7010,1965,2n Cycle,Married,70924,1363,0,0,7/4/14,41
8562,1969,Graduation,Together,54165,236,0,0,28-05-2013,72
3158,1973,Graduation,Married,32300,39,1,0,3/1/13,1
4436,1976,Graduation,Single,20180,137,0,0,20-02-2013,27
5287,1973,Graduation,Married,34961,79,1,0,19-06-2014,77
2445,1974,PhD,Together,28440,63,1,0,7/7/13,87
6059,1953,PhD,Together,64504,1314,1,2,4/3/13,81
4550,1966,Master,Together,33564,71,0,1,24-06-2014,51
4240,1978,Graduation,Married,17345,58,1,0,3/11/12,79
8911,1967,PhD,Married,56320,702,0,1,8/4/13,11
3706,1978,Graduation,Single,28647,94,1,0,21-08-2013,54
3628,1987,Basic,Single,15038,80,1,0,29-01-2013,93
10175,1958,PhD,Divorced,32173,22,0,1,1/8/13,0
8985,1964,2n Cycle,Together,68316,1211,0,1,4/11/12,54
5204,1971,Graduation,Together,74538,1461,0,0,29-06-2013,21
9220,1971,Graduation,Single,91700,1968,0,0,17-01-2013,58
9888,1969,Graduation,Together,68695,1091,0,0,25-06-2014,3
5263,1977,2n Cycle,Married,31056,55,1,0,22-01-2013,99
1020,1973,Graduation,Married,79593,1366,0,0,12/5/14,70
9503,1980,Graduation,Single,28071,313,0,0,29-08-2012,65
10613,1958,PhD,Together,37334,62,1,1,26-02-2014,44
67,1972,Master,Single,46423,92,1,1,18-09-2013,6
6019,1971,PhD,Married,37126,72,1,0,30-03-2014,9
5863,1953,Graduation,Married,47703,655,0,1,29-05-2013,95
3717,1959,Graduation,Married,61180,704,0,1,23-04-2014,70
6730,1954,Graduation,Married,38998,54,1,1,3/11/12,92
10749,1991,Graduation,Single,8028,178,0,0,18-09-2012,62
4998,1962,Graduation,Together,76081,1033,0,0,23-05-2014,85
6287,1986,Graduation,Together,34728,36,1,0,30-07-2013,2
5985,1965,Master,Single,33168,122,0,1,13-10-2012,0
4754,1966,Master,Married,33585,122,0,1,25-09-2013,91
4002,1960,PhD,Married,77037,1123,0,1,13-10-2013,3
8870,1984,Graduation,Together,35196,497,1,0,13-11-2012,68
966,1966,Graduation,Married,44529,691,0,1,5/7/13,98
4767,1965,2n Cycle,Married,70924,1363,0,0,7/4/14,41
9725,1966,PhD,Together,28764,12,1,1,5/6/14,16
4475,1949,PhD,Married,69098,2440,0,0,16-02-2013,82
5740,1970,2n Cycle,Divorced,25959,56,1,1,14-02-2013,1
5731,1983,Master,Married,27100,37,1,0,5/4/13,64
7290,1985,Graduation,Single,70596,968,0,0,5/10/12,68
3846,1974,Graduation,Married,42557,270,0,1,29-08-2012,98
8104,1951,PhD,Married,53312,278,0,0,9/8/13,32
4507,1952,Graduation,Single,72228,1250,0,0,27-11-2012,87
11013,1987,Graduation,Together,67605,938,0,0,31-03-2013,84
4491,1949,Master,Married,62845,1178,1,1,1/10/12,3
3759,1958,Graduation,Together,65196,1155,0,2,25-07-2013,34
1162,1987,PhD,Single,42000,653,0,0,10/1/13,23
2055,1973,PhD,Divorced,35860,49,1,1,19-05-2014,37
10766,1964,PhD,Married,65526,506,0,1,11/4/14,22
4415,1961,Graduation,Married,16860,38,1,1,12/9/12,19
3005,1992,Graduation,Single,83528,1650,0,0,1/5/14,7
2223,1965,2n Cycle,Divorced,64176,1826,0,1,3/8/12,52
4817,1956,Graduation,Divorced,22304,18,0,0,4/8/12,91
2875,1978,Graduation,Married,67023,906,0,0,4/3/14,93
10536,1971,PhD,Together,32892,46,1,0,25-05-2014,78
11112,1966,Graduation,Together,70713,1477,0,1,3/12/12,23
3807,1955,Graduation,Together,59925,766,0,1,30-11-2012,83
9197,1953,Graduation,Married,39722,47,0,1,24-02-2014,92
10832,1958,Graduation,Together,46610,467,0,0,18-07-2013,4
6421,1961,Graduation,Together,88347,2116,0,0,3/7/13,32
4207,1981,PhD,Married,87171,1298,0,0,1/5/13,27
577,1976,2n Cycle,Together,26907,22,1,1,20-08-2013,10
10855,1968,Master,Single,50014,396,1,0,22-01-2014,9
3081,1978,PhD,Married,41014,20,1,0,22-04-2013,65
3535,1965,Graduation,Single,66294,967,0,0,17-03-2014,68
247,1971,Graduation,Married,36715,357,1,0,17-11-2012,16
8707,1956,Graduation,Married,79456,1401,0,0,22-08-2012,12
9523,1982,Graduation,Together,40479,15,1,0,17-08-2013,95
6072,1970,Master,Single,75345,2087,0,0,2/2/13,16
6295,1977,Graduation,Married,54233,981,0,1,4/2/13,46
10914,1970,Graduation,Single,24163,17,1,1,12/10/13,3
1509,1958,PhD,Together,84460,523,0,0,4/1/13,80
5577,1983,Graduation,Together,43776,23,1,0,3/5/14,77
7348,1958,PhD,Single,71691,1192,0,0,17-03-2014,0
1127,1973,PhD,Married,85844,1958,0,0,29-05-2014,62
1833,1974,PhD,Single,39190,133,1,0,26-04-2014,91
4944,1959,Graduation,Together,71367,777,0,0,23-08-2013,24
9080,1972,PhD,Single,38578,73,1,1,22-06-2013,2
6466,1965,PhD,Married,57236,121,1,1,12/3/14,22
9964,1979,Graduation,Single,61825,424,0,1,7/8/13,56
4790,1958,Graduation,Divorced,79803,868,0,1,2/6/14,54
10245,1986,2n Cycle,Single,80910,756,0,0,31-10-2012,71
1109,1982,Master,Together,27590,12,1,0,23-04-2013,38
6001,1979,Graduation,Married,56775,937,0,1,2/1/13,62
5538,1975,Graduation,Divorced,83829,1862,0,0,8/10/13,78
10552,1979,2n Cycle,Married,54210,367,0,1,20-05-2013,18
1545,1986,Graduation,Married,38508,443,1,0,2/8/13,95
7409,1970,Graduation,Together,53187,267,1,0,26-10-2013,66
4444,1972,Graduation,Married,30023,61,1,0,24-03-2014,28
146,1960,PhD,Single,76045,1323,0,0,15-11-2013,78
6271,1952,PhD,Married,50870,63,0,1,19-06-2014,13
10065,1970,2n Cycle,Married,15315,64,0,0,3/8/13,27
4741,1974,2n Cycle,Married,65463,562,1,0,30-01-2014,17
246,1965,Graduation,Married,66480,312,1,1,31-05-2014,71
375,1954,Graduation,Divorced,76773,1156,0,0,25-02-2013,79
1524,1983,2n Cycle,Single,81698,1104,0,0,1/3/13,1
10022,1973,PhD,Single,54466,16,1,1,9/2/14,78
7451,1960,Master,Single,98777,2008,0,0,17-02-2014,23
11010,1984,PhD,Single,16269,44,1,0,30-08-2013,75
4356,1971,Graduation,Together,71819,1574,0,1,28-08-2013,70
3885,1983,PhD,Married,33569,63,1,0,16-10-2013,10
1175,1983,Master,Married,36262,426,0,0,20-09-2013,24
880,1966,Basic,Together,22634,96,0,0,16-01-2013,47
2320,1978,2n Cycle,Married,47025,635,0,1,12/9/13,98
850,1968,Graduation,Single,70566,757,0,1,6/10/13,4
4713,1979,PhD,Married,31605,125,1,0,22-11-2012,15
675,1973,Master,Divorced,52034,332,1,1,17-05-2013,67
5025,1979,Graduation,Single,48526,135,1,0,24-12-2013,32
2308,1954,Graduation,Married,46734,330,0,1,18-11-2012,40
5995,1962,Graduation,Divorced,39552,384,1,1,18-12-2012,54
6749,1966,Graduation,Single,86358,1722,1,1,8/8/12,78
1010,1977,Graduation,Together,46931,78,2,1,24-04-2014,94
8977,1985,Basic,Single,16581,24,0,0,12/1/13,51
4756,1952,2n Cycle,Divorced,63998,1168,0,0,20-12-2013,42
3412,1951,Master,Married,67381,957,0,1,15-01-2013,67
606,1967,Graduation,Single,25930,15,1,1,10/10/13,87
5961,1978,Graduation,Married,42693,57,1,0,7/6/14,29
2975,1976,Graduation,Together,85606,1956,0,1,12/11/12,89
2894,1985,Graduation,Single,72903,2013,0,0,29-10-2013,74
7613,1974,2n Cycle,Together,49669,326,1,0,24-05-2014,97
10542,1968,PhD,Married,36778,77,1,1,5/8/12,63
8015,1962,PhD,Divorced,85696,1313,0,0,3/5/13,88
10617,1989,Master,Divorced,10979,30,0,0,22-05-2014,34
11166,1961,Graduation,Married,49678,315,0,1,2/2/13,81
849,1953,Master,Together,56129,660,0,1,20-06-2013,65
523,1989,Graduation,Married,37155,74,1,0,31-01-2013,51
4066,1978,2n Cycle,Divorced,21282,46,1,0,11/5/14,76
8414,1962,PhD,Single,33419,86,0,1,17-08-2013,76
819,1945,Graduation,Widow,63285,1103,0,0,5/11/13,84
4961,1974,Master,Together,21255,61,1,0,21-01-2014,56
749,1981,Graduation,Together,42162,145,1,0,19-11-2013,31
5430,1956,Graduation,Together,54450,684,1,1,14-09-2012,0
7755,1954,PhD,Married,57744,411,0,1,12/11/13,91
10525,1986,Graduation,Single,26576,27,1,0,13-10-2012,40
1453,1943,PhD,Widow,57513,1060,0,0,6/7/13,59
8310,1964,Graduation,Together,68142,1459,0,1,29-08-2012,96
10710,1979,Graduation,Married,7500,18,0,1,29-08-2012,61
5031,1974,Graduation,Together,83145,1833,0,0,22-09-2012,14
2613,1960,Master,Married,54197,237,0,1,3/4/14,16
213,1963,PhD,Single,23091,48,1,1,28-05-2014,98
967,1976,Graduation,Married,46049,515,1,1,21-07-2013,11
1077,1974,Graduation,Together,56715,1020,0,0,5/12/12,52
7959,1961,Graduation,Married,79410,1370,0,0,29-05-2014,19
640,1951,Graduation,Married,57304,1026,0,1,11/3/13,61
4252,1965,Graduation,Married,44375,301,0,1,23-03-2014,73
8432,1956,Graduation,Together,54450,684,1,1,14-09-2012,0
6218,1965,Graduation,Married,59594,499,0,1,20-10-2012,74
6905,1994,Graduation,Together,80685,1004,0,0,22-08-2012,55
5922,1974,PhD,Married,40344,218,0,1,13-10-2013,48
3598,1972,Graduation,Married,62710,606,0,1,23-05-2013,53
6116,1968,2n Cycle,Married,48985,75,0,1,5/7/13,13
6263,1968,Graduation,Together,35322,106,1,2,22-08-2012,34
10486,1948,Graduation,Married,77142,990,0,0,29-05-2013,54
2410,1969,Graduation,Single,81657,1097,0,0,22-01-2014,69
193,1996,Basic,Married,14421,16,0,0,17-02-2014,81
3363,1974,2n Cycle,Married,20130,34,0,0,17-03-2014,99
8278,1990,PhD,Married,74214,1711,0,0,26-08-2012,3
10660,1957,Master,Married,66726,438,1,1,12/1/14,61
8686,1979,Basic,Together,23724,75,1,0,8/1/13,65
1604,1960,Master,Married,47353,225,0,1,13-11-2013,93
5907,1952,Master,Married,33444,18,1,1,3/11/12,24
10669,1981,Graduation,Married,54386,470,0,1,17-05-2013,8
2918,1981,Graduation,Divorced,28510,91,1,1,13-04-2013,72
5735,1991,Master,Single,90638,2525,0,0,13-02-2014,29
359,1950,Graduation,Together,48070,504,0,1,13-01-2013,33
8387,1957,Graduation,Married,43140,235,0,1,5/1/13,68
1829,1961,PhD,Divorced,54959,1232,0,1,19-01-2013,55
3839,1958,Basic,Single,15056,88,1,1,3/5/13,76
9392,1971,Graduation,Single,26954,17,1,0,8/5/14,17
2292,1985,Graduation,Single,22327,24,1,0,2/8/13,94
10466,1965,Graduation,Married,44393,60,1,1,22-08-2013,86
9855,1952,PhD,Single,62000,1020,0,1,25-08-2013,25
4088,1962,PhD,Together,31497,155,0,1,6/12/12,22
5231,1974,2n Cycle,Married,45894,51,0,2,27-02-2014,15
590,1970,Master,Divorced,78579,1812,0,0,22-12-2012,35
8732,1969,Master,Widow,67369,1461,0,1,17-11-2012,81
2315,1960,Graduation,Divorced,58401,96,0,1,20-04-2014,55
3515,1952,Graduation,Single,62307,160,0,1,17-02-2014,94
2245,1969,Master,Married,43641,139,1,1,22-04-2013,50
6283,1968,Master,Divorced,63841,908,0,1,21-04-2013,64
2246,1965,2n Cycle,Married,46891,183,0,1,1/9/13,91
6606,1969,Master,Married,70091,1161,1,0,31-03-2013,11
5545,1972,PhD,Married,78075,988,0,0,5/4/14,72
7342,1961,2n Cycle,Widow,59184,1072,0,1,9/9/12,6
837,1977,Graduation,Married,54809,174,1,1,11/9/13,0
9500,1959,Graduation,Married,58113,758,0,1,25-01-2013,66
3602,1958,Master,Married,51412,195,0,1,31-12-2013,42
234,1979,Graduation,Divorced,15287,31,1,0,10/10/12,60
2995,1957,Master,Together,66636,1084,0,0,17-08-2013,64
1118,1956,Master,Married,50965,685,0,1,20-02-2013,87
7789,1965,PhD,Married,84618,1672,0,0,22-11-2013,96
3068,1990,Graduation,Married,18351,43,0,0,29-10-2013,1
8955,1957,PhD,Together,40451,49,0,2,16-02-2014,54
945,1965,Graduation,Together,36317,133,0,1,22-05-2013,53
5644,1957,Graduation,Together,42213,363,0,1,12/10/13,96
7192,1955,Graduation,Together,65748,545,0,1,15-04-2013,58
2324,1972,Graduation,Together,77044,1065,0,1,27-10-2013,12
697,1969,Graduation,Together,74918,2047,0,0,12/3/13,78
3439,1972,Graduation,Married,56721,296,1,1,31-10-2012,64
1506,1975,Graduation,Single,42160,140,1,1,28-06-2013,26
232,1965,Graduation,Single,61559,530,0,1,17-07-2013,8
8876,1963,PhD,Together,33629,152,1,1,8/8/12,49
4500,1991,PhD,Together,68682,1598,0,0,6/10/13,56
9739,1963,Graduation,Single,34377,114,0,1,19-01-2013,55
10395,1986,Basic,Single,8940,101,1,0,22-08-2012,25
1176,1973,Graduation,Married,26228,25,1,0,22-09-2013,50
1627,1957,2n Cycle,Divorced,77297,789,0,0,26-01-2013,84
938,1981,Graduation,Married,40211,87,1,1,30-07-2013,30
2740,1958,PhD,Widow,33438,90,1,1,22-09-2013,81
257,1959,PhD,Married,75032,1215,0,1,28-04-2013,74
4058,1955,PhD,Single,61284,811,0,0,12/10/13,76
7736,1986,Graduation,Married,22518,61,1,0,22-10-2012,36
8210,1975,Master,Married,54730,405,0,1,15-08-2013,64
833,1955,Master,Married,38452,72,1,1,30-03-2014,62
6230,1971,Graduation,Divorced,44421,189,1,1,15-02-2013,53
7325,1986,PhD,Together,38197,40,1,0,29-06-2013,86
1307,1978,Graduation,Divorced,41986,63,0,1,9/2/14,15
1502,1983,Graduation,Together,28427,52,1,0,21-03-2013,67
6211,1976,PhD,Together,37395,39,1,0,2/5/14,47
843,1971,Graduation,Married,64722,805,1,0,26-05-2014,47
4174,1956,Master,Together,55249,130,0,1,17-04-2014,81
9757,1972,Graduation,Together,84906,1631,0,0,4/10/13,98
6918,1989,Graduation,Married,28691,34,1,0,4/7/13,56
286,1952,Graduation,Single,44213,152,1,1,29-11-2013,48
11086,1984,Basic,Single,25707,21,1,0,18-01-2014,18
1921,1967,PhD,Married,59062,71,2,1,3/10/13,74
4138,1962,Graduation,Single,76624,899,0,1,24-05-2014,68
7718,1947,Master,Together,66000,711,0,0,20-04-2014,36
1291,1978,PhD,Together,27683,351,1,0,4/8/12,90
6862,1971,Graduation,Divorced,1730,8,0,0,18-05-2014,65
4136,1992,Basic,Single,7500,119,1,0,3/12/12,63
803,1968,Graduation,Together,40521,21,1,1,5/4/13,82
4298,1973,PhD,Together,20427,10,1,0,24-03-2014,63
10833,1975,Graduation,Married,65106,973,0,1,24-05-2014,55
9606,1965,PhD,Married,69969,1536,0,0,27-08-2013,64
8534,1952,Graduation,Married,67433,992,0,2,16-07-2013,51
5153,1967,PhD,Married,77766,1529,0,1,22-02-2013,97
961,1972,Graduation,Married,74716,860,0,1,12/9/13,92
5011,1963,Graduation,Divorced,68118,928,0,1,18-10-2013,51
6653,1970,PhD,Married,55158,418,1,1,30-07-2012,72
9094,1955,2n Cycle,Married,62972,587,0,1,3/8/12,39
810,1975,Graduation,Married,74190,641,0,1,12/5/14,49
5493,1976,Graduation,Married,39356,23,1,1,19-03-2014,21
2147,1969,Graduation,Together,76653,2279,0,0,16-08-2013,91
5107,1973,PhD,Divorced,35860,49,1,1,19-05-2014,37
3979,1983,PhD,Divorced,90687,1779,0,0,22-05-2013,98
6049,1982,Master,Together,73450,1804,0,0,5/12/13,85
8147,1960,Graduation,Married,31454,48,1,1,6/7/13,40
1857,1952,Graduation,Single,47139,83,1,1,6/3/14,2
3910,1975,Graduation,Divorced,83829,1862,0,0,8/10/13,78
5207,1963,PhD,Married,53378,793,1,1,24-09-2012,41
11114,1970,Graduation,Together,19656,84,1,0,8/2/13,94
5429,1948,PhD,Married,45579,183,0,1,20-08-2013,10
9400,1958,2n Cycle,Single,85485,1383,0,0,21-06-2014,73
1740,1944,Graduation,Married,55956,999,0,0,7/4/14,22
7488,1963,Master,Single,64191,825,0,1,22-01-2013,30
195,1972,Graduation,Single,38808,246,1,0,26-08-2012,21
635,1966,Master,Married,57183,610,1,1,19-03-2013,51
7527,1968,Master,Divorced,23748,76,1,0,21-11-2012,97
10319,1971,Graduation,Married,66303,1286,0,1,26-02-2013,56
2296,1975,Master,Married,37368,30,1,0,16-12-2013,4
10637,1964,Graduation,Married,40800,99,1,2,1/1/13,77
2931,1978,Graduation,Divorced,71847,1192,0,0,21-09-2012,95
907,1975,Graduation,Married,46149,362,0,1,29-11-2013,36
3698,1983,Graduation,Together,78687,2130,0,0,9/8/12,13
9516,1971,2n Cycle,Divorced,49118,1229,0,0,18-08-2012,90
679,1957,PhD,Married,37633,38,1,1,20-09-2012,49
7384,1951,Master,Together,39767,485,0,0,21-07-2013,18
5043,1951,Basic,Married,26997,434,0,0,5/11/12,89
5267,1970,Graduation,Divorced,33986,44,1,0,14-03-2013,43
339,1972,PhD,Married,57091,496,0,1,23-11-2012,82
2516,1969,2n Cycle,Married,46831,78,1,1,8/6/13,84
9010,1972,Master,Married,83151,2346,0,0,10/2/13,80
378,1971,Graduation,Married,52531,794,0,0,30-12-2012,68
4808,1956,Graduation,Married,15759,17,0,0,5/9/13,12
5068,1971,Graduation,Single,22804,26,1,0,31-07-2013,75
7628,1973,2n Cycle,Married,43050,76,1,0,18-03-2014,10
7128,1977,PhD,Single,42997,15,1,1,7/12/13,91
2811,1963,PhD,Single,48918,62,1,1,12/4/14,21
3551,1954,Master,Together,60033,198,0,1,29-03-2014,28
1663,1978,PhD,Together,34043,49,1,0,25-10-2013,97
5543,1966,Graduation,Together,57811,802,0,1,24-06-2013,49
1577,1946,Graduation,Married,78569,1736,0,0,19-02-2014,14
10641,1978,Graduation,Single,7500,57,1,1,27-12-2012,5
5336,1971,Master,Together,157733,59,1,0,4/6/13,37
6024,1953,Graduation,Together,94384,2302,0,0,4/3/13,62
1878,1985,2n Cycle,Married,23148,37,0,0,18-02-2014,83
3099,1970,Graduation,Divorced,44267,310,1,1,25-02-2013,48
6055,1979,Graduation,Married,71626,1305,0,0,1/11/12,94
5841,1966,Graduation,Together,60894,832,0,1,28-06-2013,61
3972,1976,Graduation,Together,50200,401,1,1,3/4/13,70
4394,1965,PhD,Married,81051,1501,0,0,23-05-2014,43
5758,1982,Graduation,Married,65169,1189,0,0,14-01-2014,23
6658,1972,Graduation,Together,59868,1194,0,1,22-07-2013,37
4603,1960,PhD,Married,65695,656,0,1,31-01-2014,50
8427,1956,Master,Single,64857,1540,0,0,23-11-2012,78
10260,1965,Master,Together,45143,311,0,1,26-08-2013,74
7143,1955,2n Cycle,Together,74805,820,0,1,6/11/13,14
8789,1989,2n Cycle,Married,59060,274,1,0,11/1/14,77
6197,1962,PhD,Single,27238,57,1,1,20-04-2013,39
4554,1965,Graduation,Together,47009,448,0,1,1/10/13,89
4937,1973,2n Cycle,Married,46094,44,1,1,10/6/14,62
1920,1972,Graduation,Married,40321,102,1,1,29-07-2013,59
8749,1984,Graduation,Together,37235,61,1,0,1/2/14,68
1650,1960,Master,Married,81843,1643,0,0,22-04-2013,13
10377,1958,Master,Together,46692,397,0,1,6/6/13,37
9206,1968,Graduation,Together,77382,1121,0,1,7/1/14,36
10971,1977,Graduation,Single,37774,473,2,0,3/9/12,28
6398,1974,Basic,Married,18393,50,1,0,29-03-2014,2
9212,1962,Master,Married,72828,1678,0,1,14-02-2013,17
7937,1982,Graduation,Married,24711,58,0,0,18-04-2014,86
839,1975,PhD,Married,45503,170,1,0,25-09-2013,54
4246,1982,Master,Single,6560,373,0,0,12/12/13,2
158,1945,PhD,Together,71604,1196,0,0,17-11-2013,3
4832,1979,Graduation,Married,27244,101,1,0,7/3/14,84
5621,1969,Graduation,Married,48752,316,1,1,12/12/12,8
1945,1962,Graduation,Married,71434,1400,0,1,18-09-2013,4
5147,1948,Graduation,Single,90842,1424,0,0,29-07-2013,57
2535,1978,Master,Married,88097,844,1,0,18-08-2012,24
11039,1975,Graduation,Married,51948,311,0,1,17-09-2013,51
9495,1982,Graduation,Together,71853,1149,0,0,8/5/13,29
9635,1983,Master,Married,35876,129,0,0,20-04-2014,13
2173,1952,Graduation,Widow,40049,32,0,1,16-10-2013,23
942,1982,Graduation,Single,39660,299,1,0,8/8/12,36
9386,1962,Graduation,Together,50127,320,0,1,29-05-2014,88
5510,1977,Master,Married,43263,441,0,1,21-11-2012,2
873,1949,Master,Married,62845,1178,1,1,1/10/12,3
2253,1990,Graduation,Married,18929,85,0,0,16-02-2013,15
5181,1982,Basic,Single,24367,24,1,0,20-03-2013,58
979,1975,Graduation,Single,33249,112,1,0,20-02-2013,11
10390,1959,2n Cycle,Married,26887,30,0,1,10/2/13,27
4698,1983,PhD,Married,50150,410,0,0,20-06-2013,32
7793,1976,Graduation,Together,62061,800,0,1,31-08-2013,12
1745,1962,PhD,Divorced,85696,1313,0,0,3/5/13,88
10590,1956,PhD,Together,76542,1483,0,0,30-03-2013,91
5080,1993,Graduation,Single,70515,1258,0,0,21-10-2013,12
8369,1987,Graduation,Together,18227,28,1,0,8/11/12,21
5232,1965,Graduation,Married,69139,227,0,1,27-01-2014,23
2407,1982,Graduation,Married,69109,1555,0,0,9/11/12,10
3834,1962,Graduation,Single,69627,861,0,1,17-03-2013,35
7912,1978,Graduation,Married,38136,103,1,0,22-04-2013,69
7712,1946,PhD,Single,62159,634,0,0,28-04-2014,68
1065,1963,Graduation,Single,80695,1918,0,0,29-12-2013,85
7275,1971,Master,Single,33316,131,1,1,4/10/13,34
1343,1968,Graduation,Together,58554,586,1,1,26-09-2012,55
1384,1992,Basic,Married,17256,62,1,0,23-11-2013,10
9967,1974,Graduation,Divorced,53034,447,1,1,30-05-2013,30
6181,1950,2n Cycle,Together,52203,939,0,0,31-07-2012,36
10507,1977,2n Cycle,Divorced,59601,797,0,1,25-07-2013,14
2674,1958,Master,Single,75154,1143,0,1,4/9/12,79
2698,1976,Graduation,Single,47025,415,0,1,7/11/13,52
3231,1973,Graduation,Married,37971,30,1,0,25-11-2013,97
4096,1968,Master,Divorced,41335,187,1,0,26-12-2013,24
10476,1958,Graduation,Married,67267,251,0,1,13-05-2014,0
5948,1975,Graduation,Single,57338,237,0,1,29-04-2014,96
9140,1960,2n Cycle,Together,50523,91,1,1,25-12-2013,89
10258,1965,Master,Single,35791,35,2,1,6/5/13,94
5675,1960,PhD,Divorced,50611,493,0,1,4/10/12,98
4743,1969,PhD,Married,56242,971,0,1,3/3/13,72
8805,1960,Graduation,Single,48904,371,0,1,2/12/12,1
1542,1975,Graduation,Single,56243,396,1,2,30-12-2013,26
6770,1985,Graduation,Married,21355,68,1,0,20-08-2013,5
8773,1971,Master,Together,57420,322,0,1,25-06-2013,22
10475,1970,Master,Together,,317,0,1,1/4/13,39
10420,1955,Master,Divorced,46390,222,0,1,5/5/14,56
7514,1956,2n Cycle,Together,54342,177,1,1,3/7/13,74
2902,1958,Graduation,Together,,45,1,1,3/9/12,87
4345,1964,2n Cycle,Single,,21,1,1,12/1/14,49
793,1973,Graduation,Married,20895,45,1,0,6/10/12,24
10909,1948,Graduation,Married,92344,1899,0,0,15-01-2014,9
3769,1972,PhD,Together,,42,1,0,2/3/14,17
8702,1976,2n Cycle,Together,26907,22,1,1,20-08-2013,10
4791,1980,Graduation,Together,44964,41,1,1,16-12-2012,35
2963,1979,Graduation,Together,75507,1440,0,0,2/5/14,56
8216,1972,Master,Married,53761,325,1,1,11/10/13,7
8140,1973,Graduation,Together,22682,95,1,0,3/10/13,51
10146,1972,PhD,Together,38887,42,1,0,2/3/14,17
5289,1975,2n Cycle,Single,41658,72,1,1,9/11/12,30
2587,1972,PhD,Married,29791,20,1,0,15-05-2014,21
4405,1956,Master,Married,63915,789,0,2,30-07-2013,2
8663,1974,Graduation,Divorced,39996,15,1,1,22-05-2014,85
2589,1972,Graduation,Divorced,26759,59,1,0,7/2/14,65
3421,1968,Master,Divorced,63841,908,0,1,21-04-2013,64
10490,1969,PhD,Married,51039,417,1,1,10/12/12,11
4094,1961,Graduation,Married,60544,289,1,1,25-08-2012,92
9958,1972,Graduation,Married,65685,769,0,1,29-03-2014,54
2534,1953,Graduation,Married,37716,188,0,1,21-04-2014,4
4188,1957,Graduation,Single,36864,354,0,1,13-08-2012,53
6613,1970,Master,Married,44511,727,1,0,12/10/12,39
10827,1967,PhD,Married,36947,146,1,1,7/8/12,49
5491,1951,Master,Together,47352,319,0,1,11/4/13,70
8402,1953,Master,Married,67087,794,0,1,17-12-2013,40
8783,1950,Graduation,Married,57045,454,0,1,8/9/12,40
10010,1953,PhD,Divorced,36957,152,1,1,6/9/12,43
618,1977,PhD,Married,69389,797,0,1,28-09-2012,17
9121,1972,Graduation,Married,80134,1690,1,0,20-05-2013,40
361,1969,Master,Married,43142,20,1,1,18-02-2014,84
4310,1944,Graduation,Married,80589,1428,0,0,22-01-2014,25
2678,1990,Graduation,Single,34412,209,1,0,13-02-2013,62
6376,1979,Graduation,Single,57537,545,1,0,10/6/13,83
524,1966,Basic,Together,22634,96,0,0,16-01-2013,47
10341,1948,Graduation,Together,51315,222,0,0,23-02-2014,45
5654,1972,Graduation,Married,36026,61,2,1,16-03-2014,34
4098,1973,Graduation,Married,24639,44,1,1,28-01-2014,3
5824,1972,PhD,Together,34578,8,2,1,11/4/14,1
7000,1972,2n Cycle,Single,65704,817,0,0,13-10-2013,18
2561,1966,Graduation,Single,63810,1371,0,1,11/11/12,45
5229,1969,PhD,Together,54132,42,0,1,16-02-2014,81
4086,1959,Graduation,Married,18690,60,0,0,28-12-2012,77
2428,1970,Graduation,Married,28164,78,1,0,4/5/13,23
8254,1974,PhD,Married,34596,23,1,0,13-04-2013,48
2836,1972,PhD,Married,43269,19,1,0,16-09-2013,61
8418,1958,2n Cycle,Single,38741,61,1,1,30-03-2014,60
1362,1972,Graduation,Single,31907,449,0,0,4/3/13,75
7152,1983,Master,Married,27100,37,1,0,5/4/13,64
10033,1973,2n Cycle,Divorced,31163,38,1,0,13-02-2014,54
9349,1985,Graduation,Married,92533,1131,0,0,19-12-2013,84
274,1973,Graduation,Single,34853,34,1,1,23-12-2013,75
3388,1967,Graduation,Divorced,70844,294,1,1,30-10-2013,16
922,1979,2n Cycle,Married,31086,48,1,1,4/5/13,79
8588,1961,Graduation,Married,60544,289,1,1,25-08-2012,92
2518,1986,2n Cycle,Together,20491,30,0,0,25-01-2013,16
574,1964,Graduation,Married,42523,125,0,0,23-04-2014,96
3220,1983,Graduation,Married,39922,156,1,0,14-02-2013,30
5967,1952,Graduation,Together,33402,70,1,1,18-07-2013,60
1183,1949,Master,Married,36408,22,1,1,21-09-2013,11
6856,1979,Graduation,Together,21645,65,1,0,3/9/12,75
4530,1948,Master,Widow,78427,1930,0,0,24-10-2012,36
1553,1946,Graduation,Together,82657,2283,0,0,27-09-2013,71
4682,1958,Graduation,Married,51876,310,0,0,15-10-2013,88
8204,1971,2n Cycle,Married,78041,1319,0,0,16-12-2012,93
5221,1957,Graduation,Married,52852,879,0,1,1/12/12,93
1232,1982,PhD,Together,70038,1244,0,0,25-10-2013,54
1927,1973,2n Cycle,Together,69401,690,0,1,23-03-2014,41
5788,1972,Graduation,Together,46053,209,1,0,17-02-2013,46
6652,1965,Graduation,Married,77343,1134,0,0,9/6/14,28
6246,1953,Graduation,Single,73892,1507,0,0,13-11-2013,40
5975,1967,PhD,Single,40304,57,1,0,30-09-2013,82
6875,1965,PhD,Together,32727,529,0,0,28-08-2012,38
4399,1969,Graduation,Together,68695,1091,0,0,25-06-2014,3
4042,1971,Graduation,Divorced,43300,180,0,1,13-10-2012,87
2157,1972,Graduation,Together,26290,77,1,1,12/1/13,49
10133,1970,Graduation,Single,93790,2349,0,0,12/2/14,16
2525,1974,PhD,Married,38410,534,0,0,14-09-2012,65
8233,1950,Master,Widow,64866,556,0,1,26-01-2014,9
9483,1959,Graduation,Together,57957,637,0,1,19-08-2013,24
2945,1955,PhD,Together,46015,46,1,1,13-04-2014,25
10403,1978,Graduation,Together,16531,44,1,0,18-06-2014,43
5074,1986,Master,Married,28072,47,1,0,8/7/13,10
10524,1963,Master,Divorced,49476,795,0,1,20-06-2013,29
4690,1953,Graduation,Married,50725,586,0,1,13-02-2013,45
7521,1952,Graduation,Together,83844,1574,0,0,12/5/13,57
7196,1950,PhD,Married,41145,13,1,1,8/2/14,20
4406,1970,Graduation,Together,67419,1471,0,1,16-01-2013,29
9672,1970,2n Cycle,Married,23162,65,1,1,21-12-2013,82
4864,1977,Graduation,Married,34380,175,1,0,2/5/13,68
4706,1966,Graduation,Single,34704,40,0,1,27-04-2013,65
4070,1969,PhD,Married,94871,1078,0,2,1/9/12,99
25,1958,Graduation,Married,65148,1115,0,1,16-11-2012,9
3697,1954,Graduation,Together,39898,134,0,1,12/2/13,20
217,1956,Master,Single,64857,1540,0,0,23-11-2012,78
4220,1970,PhD,Married,59892,87,0,1,2/11/13,26
5286,1987,Master,Single,41020,217,0,0,28-10-2013,68
9559,1961,PhD,Married,57072,1034,0,1,24-01-2014,79
2849,1979,Graduation,Single,60474,1180,0,1,1/4/13,25
7787,1960,Graduation,Together,62807,819,0,1,31-08-2012,83
3102,1981,2n Cycle,Together,19414,32,1,0,16-10-2013,32
5868,1980,Graduation,Married,19107,46,1,0,22-08-2013,49
8370,1976,2n Cycle,Together,75484,1159,0,1,2/8/12,50
9988,1976,Master,Single,70379,860,0,1,3/3/13,84
2939,1970,Master,Together,79419,1631,0,0,22-06-2014,96
5529,1946,PhD,Together,64014,444,2,1,10/6/14,56
9743,1955,Graduation,Married,76998,1910,0,1,11/1/13,85
5763,1972,Master,Together,49854,380,1,0,10/11/13,63
3478,1971,PhD,Married,60585,736,1,1,24-06-2013,17
7494,1950,PhD,Divorced,42873,269,1,1,21-01-2013,11
1763,1988,Graduation,Together,87679,2524,0,0,27-07-2013,62
7250,1978,Graduation,Together,57867,612,1,0,1/10/13,48
2005,1990,Graduation,Married,35765,75,1,0,11/12/13,86
10770,1959,Graduation,Married,65492,1045,0,0,26-01-2014,73
6885,1977,Graduation,Divorced,32952,55,1,0,1/12/13,36
2072,1969,PhD,Together,53374,1064,0,1,16-08-2012,34
9463,1959,Graduation,Together,71706,1443,0,1,13-11-2012,16
6318,1988,Graduation,Married,68487,1366,0,0,13-01-2013,48
4093,1975,Master,Together,53253,436,1,1,11/2/13,61
5751,1973,2n Cycle,Divorced,31163,38,1,0,13-02-2014,54
3340,1977,Graduation,Married,42014,436,1,0,17-08-2012,56
3594,1973,Master,Married,54108,747,1,1,5/11/12,74
3584,1955,PhD,Single,49667,1396,0,0,20-08-2012,35
3643,1974,Master,Married,63206,928,0,0,20-03-2014,65
851,1972,Master,Married,57136,642,1,1,9/7/13,48
7706,1975,2n Cycle,Together,46772,1048,0,1,7/11/12,88
3967,1971,PhD,Married,78931,943,0,0,25-10-2013,19
10128,1958,Graduation,Together,53977,907,0,1,8/6/13,21
486,1988,Graduation,Married,84219,1198,0,0,2/2/14,27
9,1975,Master,Single,46098,120,1,1,18-08-2012,86
9451,1965,Graduation,Married,73538,1658,0,1,25-11-2012,92
9264,1986,Graduation,Married,79529,1638,0,0,27-04-2014,1
3865,1977,2n Cycle,Together,20981,73,0,0,30-04-2013,14
2853,1980,Graduation,Single,51766,275,1,0,11/3/14,74
1490,1962,Graduation,Married,55759,854,0,1,28-11-2012,84
6310,1978,Graduation,Married,33039,78,1,0,9/9/13,4
10380,1972,Master,Married,37787,106,1,0,20-09-2013,50
3887,1970,Graduation,Single,27242,106,1,0,11/11/12,2
4278,1983,PhD,Single,87188,1923,0,0,3/6/13,73
8643,1971,Graduation,Together,69930,1662,0,0,26-05-2013,21
1998,1976,Graduation,Single,37697,84,1,0,7/2/14,82
10795,1973,PhD,Married,37401,48,1,0,6/5/14,14
11110,1973,Graduation,Single,3502,5,1,0,13-04-2013,56
2408,1976,Graduation,Married,58597,733,1,1,20-11-2012,20
202,1948,PhD,Widow,82032,1234,0,0,5/4/14,54
7998,1958,Graduation,Together,28087,112,1,1,11/12/12,77
830,1987,PhD,Single,74004,1658,0,0,24-02-2014,5
3536,1960,Graduation,Together,19740,55,0,1,24-03-2013,65
6050,1975,2n Cycle,Married,57036,1513,0,1,11/12/12,33
125,1958,2n Cycle,Together,53083,271,1,1,15-05-2013,65
3463,1975,PhD,Married,69283,904,0,1,14-06-2014,41
2804,1975,Master,Single,46098,120,1,1,18-08-2012,86
3745,1988,2n Cycle,Married,23331,103,1,0,4/9/12,92
9771,1988,2n Cycle,Single,23331,269,1,0,5/10/12,97
451,1989,Graduation,Single,9255,22,1,0,20-12-2013,91
10530,1959,PhD,Widow,67786,1156,0,0,7/12/13,0
1079,1971,PhD,Married,71969,1086,0,1,16-10-2012,59
8920,1967,Master,Single,59235,1128,1,0,12/1/13,4
6678,1989,Graduation,Together,31928,72,1,0,28-03-2014,5
3852,1961,Master,Together,74881,964,1,1,8/3/13,48
528,1978,Graduation,Married,65819,1383,0,0,29-11-2012,99
73,1953,PhD,Single,51411,18,1,2,26-05-2013,81
5589,1964,Graduation,Divorced,51983,793,0,1,31-08-2012,95
10212,1986,Master,Together,42386,100,1,0,13-01-2013,43
6365,1987,2n Cycle,Married,30390,80,0,0,2/9/13,5
5636,1963,Graduation,Single,30983,167,0,0,9/11/12,50
591,1957,Graduation,Widow,66033,677,0,1,20-01-2013,76
2217,1975,2n Cycle,Married,37284,23,1,1,29-03-2013,46
2544,1951,Master,Divorced,57530,92,0,1,12/10/13,68
7725,1965,2n Cycle,Married,76800,641,0,0,8/3/14,33
8091,1956,Graduation,Married,63943,1106,0,1,2/9/12,50
7321,1962,Graduation,Together,76081,1033,0,0,23-05-2014,85
5462,1974,Graduation,Married,67445,1174,0,1,12/8/12,63
7791,1967,Master,Married,37054,25,1,1,15-09-2013,89
955,1962,Master,Together,47175,240,1,1,28-10-2012,81
4037,1976,Graduation,Divorced,31859,20,1,0,14-06-2013,77
6642,1961,Graduation,Divorced,27215,102,2,1,23-01-2013,50
2793,1976,PhD,Divorced,70179,1034,0,1,21-07-2013,10
5424,1983,Graduation,Married,39922,156,1,0,14-02-2013,30
879,1976,Master,Married,49681,458,0,2,4/11/13,66
9530,1988,Graduation,Married,24645,17,1,0,1/11/12,16
4828,1954,Graduation,Divorced,79865,792,0,1,18-06-2014,12
10699,1985,Graduation,Married,44322,92,1,0,16-06-2014,30
1497,1952,Graduation,Single,47958,407,0,1,19-01-2013,8
7476,1964,Master,Single,63972,1269,0,1,2/12/12,93
4390,1954,Graduation,Together,75315,841,0,1,15-04-2014,14
10478,1950,PhD,Married,55517,633,1,1,27-09-2012,53
1081,1957,PhD,Married,75283,1019,1,2,27-03-2013,26
4261,1946,PhD,Single,82800,1315,0,0,24-11-2012,23
9916,1954,Graduation,Married,38998,54,1,1,3/11/12,92
5350,1991,Master,Single,90638,2525,0,0,13-02-2014,29
8135,1986,Master,Married,27161,52,1,0,28-10-2013,41
8685,1977,Graduation,Married,42014,436,1,0,17-08-2012,56
4967,1960,PhD,Together,38201,268,0,1,29-03-2013,19
2130,1982,Graduation,Together,45203,147,2,0,23-03-2014,4
9298,1947,PhD,Together,81574,1798,0,0,28-04-2014,89
8175,1992,Graduation,Married,34935,137,0,0,21-06-2013,71
6257,1976,Master,Single,60482,507,0,1,23-01-2013,81
3790,1956,Graduation,Together,34633,15,2,1,23-01-2014,31
9952,1947,Master,Together,78093,1105,0,0,11/12/13,53
3503,1950,Graduation,Divorced,82460,974,0,0,2/12/13,78
5223,1966,Master,Together,45903,66,0,1,23-04-2014,80
4608,1987,Graduation,Divorced,81361,778,0,0,25-02-2014,18
1626,1973,PhD,Divorced,35860,49,1,1,19-05-2014,37
4764,1952,Master,Together,40442,169,1,1,19-08-2012,52
2471,1965,Graduation,Married,61482,299,0,0,27-06-2014,39
5892,1980,Graduation,Married,34968,221,1,0,10/4/13,11
2612,1987,Graduation,Married,75794,1682,0,0,24-12-2013,33
4971,1962,PhD,Together,31497,155,0,1,6/12/12,22
5185,1955,Graduation,Married,74268,892,0,0,14-02-2013,83
10069,1988,Basic,Together,13724,58,1,0,31-08-2012,43
2262,1965,Master,Together,45143,311,0,1,26-08-2013,74
1131,1967,PhD,Single,52569,95,0,1,5/4/14,54
1041,1973,PhD,Single,48432,424,0,1,18-10-2012,3
24,1960,Master,Together,17144,47,1,1,15-02-2014,96
3409,1984,Graduation,Single,36108,339,1,0,15-10-2013,68
7022,1971,Graduation,Married,76445,1410,1,0,28-09-2012,2
7943,1975,PhD,Married,36663,35,1,0,25-04-2014,40
5272,1965,Master,Married,53843,562,0,1,27-06-2013,64
5453,1956,Master,Married,90226,2352,0,0,26-09-2012,26
2565,1955,Master,Divorced,70638,1334,0,0,1/6/13,69
800,1960,Graduation,Together,44512,32,1,1,30-08-2013,57
11092,1961,Graduation,Married,27116,41,1,1,2/3/14,78
5062,1963,PhD,Married,54072,39,1,1,27-07-2013,71
8969,1977,Graduation,Married,71855,1141,0,1,16-01-2013,59
4656,1990,2n Cycle,Single,51250,710,1,0,30-03-2013,28
4480,1973,Master,Married,60432,401,0,1,9/3/14,61
9971,1964,PhD,Married,65526,506,0,1,11/4/14,22
6729,1988,Graduation,Single,68655,1538,0,0,10/8/12,95
1773,1978,2n Cycle,Married,12393,57,0,0,4/12/12,38
9242,1990,Graduation,Single,64509,1722,0,0,17-08-2013,19
1764,1975,Graduation,Single,33955,270,1,0,9/8/13,92
6215,1977,Graduation,Married,31353,31,1,1,29-12-2013,24
10099,1984,Graduation,Married,55434,882,1,0,5/10/13,21
5423,1983,Graduation,Together,28359,16,1,0,27-10-2013,35
940,1987,Graduation,Single,57100,311,1,0,18-05-2014,9
3011,1965,Graduation,Married,69139,227,0,1,27-01-2014,23
3298,1956,Master,Married,52973,1152,0,1,8/11/12,92
8286,1965,PhD,Together,51717,122,0,1,20-08-2013,55
9668,1971,Graduation,Married,18793,77,1,0,12/1/13,14
5120,1982,2n Cycle,Together,66664,1289,0,0,25-09-2012,78
6097,1959,Graduation,Single,50664,561,1,1,16-01-2013,64
7019,1963,Graduation,Together,54414,211,1,1,23-01-2013,49
7408,1952,PhD,Married,54549,233,0,1,3/3/14,8
8041,1971,PhD,Widow,47111,1092,0,1,8/9/12,35
252,1963,PhD,Divorced,41003,601,0,0,17-03-2013,11
9986,1982,Graduation,Together,19444,54,1,0,22-02-2014,8
3276,1976,2n Cycle,Together,36301,78,1,0,25-10-2013,53
3859,1947,PhD,Together,73059,1095,0,1,31-08-2013,36
3570,1969,PhD,Together,42731,244,1,0,21-10-2013,64
3783,1959,PhD,Married,52854,116,1,1,24-03-2014,43
10207,1978,Graduation,Together,22775,15,1,0,19-06-2013,40
10906,1948,PhD,Together,46681,425,0,2,8/10/13,52
3427,1955,PhD,Married,59821,734,0,1,12/4/13,11
5209,1954,Graduation,Divorced,50002,638,0,1,17-06-2013,21
10711,1945,Graduation,Married,69755,894,0,0,2/10/13,23
10785,1969,Graduation,Married,44078,41,1,1,19-06-2014,17
2814,1976,Master,Together,30560,31,1,0,27-06-2013,6
6866,1969,Master,Together,35924,34,1,1,23-03-2014,56
1665,1964,PhD,Divorced,64140,1750,0,2,23-09-2013,71
6575,1981,Graduation,Together,56386,612,1,1,27-10-2012,51
3829,1979,Basic,Together,24594,29,1,0,10/12/13,94
3091,1981,2n Cycle,Together,75774,823,1,0,2/5/14,27
10141,1960,Master,Divorced,39228,20,0,0,10/5/13,1
5177,1974,Master,Married,58494,396,0,1,12/12/13,56
7005,1981,Graduation,Single,58684,813,0,0,16-06-2014,71
6409,1967,Graduation,Divorced,57136,1179,0,0,18-05-2013,18
7485,1950,PhD,Widow,56551,138,1,1,7/5/14,48
8079,1982,Graduation,Married,22448,55,1,0,26-02-2014,86
8395,1961,Graduation,Single,82014,1511,0,0,20-08-2012,48
10352,1963,Graduation,Widow,34213,117,1,1,7/9/12,2
4931,1977,Graduation,Together,157146,1730,0,0,29-04-2013,13
13,1947,PhD,Widow,25358,32,0,1,22-07-2013,57
1834,1978,Master,Single,35544,67,1,0,8/3/14,77
2285,1954,Master,Together,36634,335,0,1,28-05-2013,0
2295,1954,PhD,Married,62670,825,0,1,2/2/14,57
1378,1972,2n Cycle,Together,50334,694,0,1,24-07-2013,24
2781,1981,Graduation,Single,72066,1792,0,0,23-06-2014,55
1165,1958,PhD,Single,50729,496,1,1,2/5/13,62
1404,1968,Graduation,Together,34916,231,2,0,15-05-2013,89
6457,1976,Graduation,Divorced,64892,902,0,1,29-05-2014,77
2639,1966,Graduation,Single,43602,68,1,1,10/1/14,45
8299,1989,PhD,Single,33996,71,0,0,11/9/13,46
6437,1985,2n Cycle,Single,41473,76,1,0,19-06-2013,80
6912,1967,PhD,Married,63246,772,0,2,20-08-2013,60
7327,1959,PhD,Married,36732,47,1,1,29-12-2013,71
5299,1970,PhD,Married,69084,1586,1,0,19-11-2013,43
4127,1967,PhD,Married,77766,1529,0,1,22-02-2013,97
8143,1985,PhD,Single,37929,265,0,0,30-07-2013,49
1964,1951,Graduation,Together,86610,1603,0,0,5/9/13,66
3690,1986,Master,Married,80141,2091,0,0,11/1/13,20
3433,1955,2n Cycle,Married,72635,981,0,0,3/6/13,54
3389,1970,Graduation,Married,69016,1533,0,1,22-11-2012,61
4712,1991,2n Cycle,Together,20193,82,0,0,28-11-2012,18
1170,1975,Graduation,Married,27573,244,1,0,25-03-2013,45
6347,1979,Basic,Single,15862,36,1,0,27-06-2013,26
4065,1976,PhD,Married,49544,404,1,0,12/2/13,0
8230,1980,Graduation,Married,33228,71,1,0,23-01-2014,28
1215,1978,Graduation,Together,70440,1572,0,0,8/10/13,49
5939,1971,Graduation,Together,38232,122,1,1,17-01-2014,84
2156,1955,PhD,Married,22554,41,1,1,3/11/12,38
7788,1983,PhD,Married,23536,10,1,0,4/6/14,53
10323,1952,Graduation,Married,49413,304,0,1,25-10-2013,88
7947,1969,Graduation,Married,42231,37,1,1,25-03-2014,99
1891,1980,Master,Divorced,78789,1754,0,0,8/8/12,12
2570,1968,Graduation,Together,56534,815,0,1,23-07-2013,35
9256,1971,Graduation,Single,58350,1001,0,1,4/1/13,5
295,1989,Graduation,Single,81217,1157,0,0,19-07-2013,77
7397,1951,Graduation,Single,49090,688,0,1,19-07-2013,45
6349,1987,Master,Divorced,61787,1319,0,0,6/7/13,71
10790,1985,PhD,Married,18169,21,1,0,19-02-2013,40
10398,1981,2n Cycle,Single,24336,31,1,0,27-08-2012,82
2431,1990,Graduation,Married,18222,67,0,0,31-12-2012,70
550,1952,Graduation,Divorced,62335,708,0,1,23-05-2013,87
1890,1971,2n Cycle,Together,42033,25,1,1,19-09-2012,95
10742,1983,PhD,Married,86580,746,0,0,27-02-2013,72
10356,1957,PhD,Divorced,41437,32,1,1,22-09-2012,5
4676,1951,Master,Widow,73705,1695,0,2,5/3/14,86
8852,1976,Graduation,Married,61064,1080,0,1,31-08-2012,80
3565,1955,Master,Married,38452,72,1,1,30-03-2014,62
5294,1989,Graduation,Single,18358,57,1,0,20-11-2013,49
1958,1973,PhD,Together,55012,660,0,1,21-03-2014,85
7349,1973,Basic,Together,9722,103,1,0,2/10/12,7
8799,1984,PhD,Married,38175,153,1,0,23-09-2013,6
1351,1956,Master,Together,58656,1220,0,1,20-09-2012,25
1045,1965,Graduation,Together,52117,279,0,1,16-08-2012,55
7732,1978,Graduation,Married,64813,745,1,0,2/1/14,81
8070,1973,PhD,Married,54222,264,0,1,1/3/14,98
477,1986,Graduation,Married,83512,2157,0,0,17-06-2014,31
7832,1959,Master,Married,77520,1526,0,1,28-08-2013,30
2202,1978,Graduation,Together,41154,69,0,1,9/4/13,98
7396,1966,Graduation,Married,80398,1597,0,0,10/11/12,92
4055,1992,Basic,Single,18746,64,1,0,29-05-2014,41
10340,1984,Graduation,Together,35196,497,1,0,13-11-2012,68
10091,1956,Graduation,Single,60230,1067,0,1,20-05-2013,78
7629,1977,Graduation,Married,22108,31,1,1,8/5/14,46
10640,1974,Graduation,Together,44392,211,1,1,5/9/13,71
3498,1976,PhD,Married,55424,877,0,1,25-11-2012,6
6742,1979,Graduation,Married,17688,11,1,0,13-01-2013,82
1172,1983,PhD,Married,92491,2034,0,0,1/5/13,71
569,1991,Graduation,Single,90273,1991,0,0,14-12-2013,32
4686,1962,PhD,Widow,82571,1686,0,0,2/4/14,28
1381,1982,PhD,Single,38513,324,1,0,28-01-2014,20
2634,1979,Master,Single,16653,69,1,0,18-04-2014,10
10905,1955,Graduation,Together,42586,252,1,1,29-10-2012,7
1744,1965,Basic,Single,23529,54,0,1,7/1/13,67
1000,1961,Master,Together,74881,964,1,1,8/3/13,48
3828,1951,Graduation,Married,71107,1327,0,1,17-02-2013,61
8605,1964,PhD,Together,46910,68,1,1,23-03-2014,36
10304,1959,Graduation,Married,18690,60,0,0,28-12-2012,77
4351,1955,Graduation,Divorced,37244,55,1,1,27-04-2013,90
10129,1966,Graduation,Together,82427,1456,0,0,12/3/14,35
2499,1958,2n Cycle,Single,75342,563,0,1,6/5/13,38
10092,1954,Graduation,Divorced,70044,1504,0,1,18-02-2013,46
7500,1967,Graduation,Single,79146,564,1,1,24-04-2014,33
5796,1963,Graduation,Married,77437,1125,0,0,26-11-2013,70
10556,1959,Graduation,Married,54984,358,0,1,24-05-2014,51
1064,1971,PhD,Married,42403,42,1,0,11/12/13,18
48,1964,Graduation,Together,55761,184,0,1,24-04-2014,97
7610,1983,Graduation,Together,37292,460,1,0,18-04-2013,32
263,1945,PhD,Single,45576,145,0,0,28-05-2014,9
10814,1947,Graduation,Together,70321,1376,0,0,16-01-2013,6
9710,1969,PhD,Divorced,58086,792,0,1,20-01-2013,80
9292,1952,Graduation,Married,81795,1382,0,0,26-10-2012,74
10250,1947,Basic,Together,28389,28,0,0,20-11-2012,49
7881,1946,Master,Married,66835,1033,0,0,28-09-2013,21
5847,1969,Graduation,Divorced,69901,882,0,1,29-05-2013,95
737,1949,PhD,Married,80360,2231,0,0,3/3/13,56
3571,1961,PhD,Together,63342,1101,0,1,16-10-2012,48
7807,1974,Graduation,Married,44989,369,0,1,12/9/12,26
3878,1980,2n Cycle,Single,31859,48,1,0,27-02-2014,3
5092,1949,PhD,Widow,51569,467,0,1,12/2/13,39
2154,1971,Graduation,Widow,30372,44,1,1,25-12-2012,33
5394,1979,Basic,Single,16014,38,1,1,17-03-2013,42
3798,1968,Graduation,Married,41120,81,1,1,6/11/13,80
3524,1971,Master,Single,39763,167,1,0,4/8/13,9
5247,1955,PhD,Married,38725,45,1,1,10/5/14,52
5883,1972,Graduation,Married,77981,664,1,0,26-05-2013,78
2118,1964,2n Cycle,Married,62905,622,0,1,10/9/13,68
8812,1979,2n Cycle,Divorced,13533,48,1,0,10/3/13,45
6616,1975,Graduation,Together,59481,461,0,1,23-10-2013,47
2797,1977,Graduation,Married,72117,1073,0,1,20-08-2013,34
4328,1986,2n Cycle,Married,21955,55,1,0,7/9/13,81
9167,1956,Graduation,Married,67131,976,0,1,26-03-2013,72
10560,1980,PhD,Single,36802,20,1,0,16-06-2014,23
2631,1982,Graduation,Together,71853,1149,0,0,8/5/13,29
8312,1961,Basic,Married,28249,43,0,0,15-06-2014,80
5534,1975,Master,Married,47808,224,0,1,20-10-2013,30
5093,1974,PhD,Divorced,25509,101,1,0,18-09-2012,15
7592,1946,PhD,Married,51012,209,0,0,18-04-2013,86
8895,1985,Graduation,Single,70596,968,0,0,5/10/12,68
8584,1952,PhD,Together,85431,1165,0,0,8/6/13,54
2694,1967,Graduation,Married,42664,24,0,1,18-03-2014,44
8910,1955,Graduation,Together,42586,252,1,1,29-10-2012,7
7433,1985,Graduation,Single,29760,165,1,0,29-08-2012,87
164,1977,PhD,Married,28973,269,0,0,13-10-2012,59
10477,1973,PhD,Together,39435,102,1,0,6/8/13,16
2681,1984,2n Cycle,Married,65370,461,0,0,1/8/13,1
5150,1979,Basic,Single,20194,47,1,0,17-12-2012,64
5283,1976,PhD,Single,42473,144,1,1,17-02-2014,72
9645,1968,Graduation,Married,64590,1338,0,0,14-10-2012,98
10678,1959,Graduation,Together,71232,917,0,1,28-11-2013,91
7261,1971,Graduation,Together,34600,318,1,1,1/1/13,8
9648,1967,Graduation,Single,46904,253,1,1,3/11/12,20
2870,1973,Graduation,Married,49094,502,0,1,21-09-2012,6
8008,1983,Graduation,Together,36075,119,1,0,9/12/13,54
1513,1979,2n Cycle,Together,60839,1250,1,1,28-08-2012,72
6173,1979,Graduation,Together,77298,969,0,1,2/11/13,46
1419,1950,Graduation,Together,34026,76,1,1,5/8/13,11
9150,1963,PhD,Single,48918,62,1,1,12/4/14,21
7960,1962,2n Cycle,Together,82122,1382,0,0,15-08-2013,89
1250,1976,Graduation,Single,37697,84,1,0,7/2/14,82
9905,1952,Graduation,Together,34074,255,1,1,13-07-2013,69
10691,1960,Master,Married,28520,43,1,1,14-06-2013,55
7002,1955,Graduation,Single,62535,398,0,1,3/10/13,13
2952,1977,Master,Single,36273,76,1,0,16-04-2014,80
8439,1964,Graduation,Together,63404,902,0,2,6/6/14,97
762,1981,2n Cycle,Together,75774,823,1,0,2/5/14,27
2831,1976,Graduation,Together,78416,1179,0,1,27-06-2014,99
6977,1974,Graduation,Together,75702,1921,0,1,14-10-2012,87
6289,1951,Master,Together,59385,185,1,1,28-04-2013,85
4168,1966,Graduation,Single,37070,433,1,1,20-03-2013,30
8397,1951,Graduation,Married,44689,34,1,1,10/1/14,82
9284,1958,Graduation,Together,53977,907,0,1,8/6/13,21
6237,1966,PhD,Single,7144,416,0,2,7/12/13,92
3130,1964,Graduation,Single,18701,44,1,1,4/6/13,95
1619,1956,Graduation,Married,90369,1588,0,0,28-04-2014,2
1990,1974,PhD,Single,63159,1797,0,0,5/11/12,74
5513,1966,Graduation,Together,37758,40,1,1,4/10/12,49
269,1963,PhD,Single,46757,1143,0,1,16-11-2012,71
8093,1969,Master,Married,79734,914,0,0,28-06-2014,72
10513,1992,Graduation,Together,63207,1502,0,0,20-01-2013,68
10177,1954,Graduation,Divorced,72071,1338,0,1,14-02-2013,4
2549,1983,PhD,Together,21840,27,1,0,21-07-2013,80
5782,1982,2n Cycle,Together,58582,763,0,1,28-09-2013,15
10057,1951,Graduation,Single,72282,1331,0,0,19-07-2013,70
10307,1956,Graduation,Married,50387,525,0,2,31-08-2013,91
8566,1961,PhD,Together,32583,9,1,1,15-06-2014,10
2415,1962,Graduation,Together,62568,953,0,1,7/4/14,99
5684,1971,Master,Divorced,44635,68,1,1,11/10/13,25
8334,1971,Master,Single,33316,131,1,1,4/10/13,34
9166,1968,Graduation,Married,63967,882,0,1,9/8/13,57
1440,1978,2n Cycle,Together,52513,1149,0,0,4/9/12,84
78,1969,Graduation,Married,25293,37,1,0,15-09-2013,51
5441,1965,PhD,Widow,54111,388,0,1,25-08-2013,97
5302,1986,Graduation,Together,78394,1428,0,0,15-02-2013,13
4687,1958,Master,Married,80739,1633,0,0,23-05-2013,92
1087,1975,Master,Together,22669,173,1,0,22-05-2013,30
6859,1987,Graduation,Single,29236,99,1,0,8/10/13,30
9860,1959,Graduation,Together,44911,215,0,1,15-03-2013,11
7129,1962,PhD,Married,54693,929,0,1,17-02-2013,72
5866,1974,Graduation,Together,48186,219,1,0,20-03-2014,39
10521,1977,Graduation,Married,54809,174,1,1,11/9/13,0
7393,1978,Graduation,Together,41580,92,1,1,10/12/12,15
7849,1970,PhD,Married,80336,1052,0,0,9/9/13,12
332,1957,Graduation,Married,47743,275,0,1,22-03-2013,56
9847,1955,2n Cycle,Married,62972,587,0,1,3/8/12,39
531,1954,PhD,Divorced,57333,1662,0,1,22-09-2012,55
9576,1982,PhD,Together,32313,159,1,0,11/2/13,60
6906,1953,Master,Widow,84953,1024,0,0,3/6/13,73
7419,1968,Master,Divorced,27071,35,1,0,23-04-2014,90
3170,1957,Master,Together,68148,1042,0,0,31-08-2013,86
8527,1965,Master,Together,65735,395,1,1,7/12/13,37
7872,1975,PhD,Married,86836,557,0,0,12/9/12,7
9931,1963,PhD,Married,4023,9,1,1,23-06-2014,29
10595,1990,Graduation,Married,30093,69,0,0,8/7/13,19
4609,1966,PhD,Married,57705,486,0,1,11/1/14,14
5010,1988,Graduation,Single,25008,34,1,0,2/2/14,72
4427,1995,2n Cycle,Single,83257,1365,0,0,18-09-2012,56
11148,1975,Graduation,Together,22280,13,1,0,19-05-2013,85
1168,1978,PhD,Married,72159,1401,0,0,29-10-2012,62
9595,1961,Graduation,Together,64260,1574,0,0,11/1/13,1
10163,1984,PhD,Single,82733,1323,0,0,10/9/13,28
2886,1971,Master,Divorced,74290,1217,0,1,12/8/13,70
6710,1951,Master,Single,58217,103,2,1,17-11-2012,84
5316,1976,Master,Together,21024,84,0,0,4/7/13,89
9029,1972,PhD,Married,70116,1536,0,0,26-01-2013,73
521,1985,Graduation,Together,54006,581,1,0,18-09-2012,42
1459,1966,PhD,Married,69063,928,0,1,7/11/12,16
10241,1975,2n Cycle,Divorced,11448,14,0,0,15-12-2013,16
1630,1979,Graduation,Single,61825,424,0,1,7/8/13,56
3254,1971,Graduation,Married,70886,960,1,0,14-10-2013,65
9064,1982,Graduation,Married,69109,1555,0,0,9/11/12,10
3678,1973,Graduation,Widow,60208,656,1,1,7/10/12,13
4227,1968,Master,Together,32889,55,1,1,6/9/13,78
9467,1984,Graduation,Single,34738,20,1,0,11/5/14,51
8486,1971,Master,Together,30538,367,1,0,1/10/12,27
2186,1977,2n Cycle,Together,82326,2257,0,0,10/3/14,30
3286,1967,PhD,Divorced,26642,42,1,0,1/3/14,71
8602,1964,Graduation,Divorced,69932,1049,0,1,12/6/13,97
3722,1972,Graduation,Single,44503,48,1,1,16-04-2014,83
6715,1948,PhD,Single,60200,685,0,1,2/1/13,3
4796,1952,Graduation,Divorced,49638,39,0,1,19-04-2014,71
9612,1987,2n Cycle,Single,23830,43,0,0,7/2/14,3
3766,1959,Master,Widow,33051,835,0,0,16-08-2012,15
1399,1958,Graduation,Married,72905,1515,0,0,21-01-2014,52
1570,1951,PhD,Together,69702,1039,0,1,19-02-2013,8
3426,1975,Graduation,Divorced,70300,1596,1,0,15-07-2013,89
3074,1984,PhD,Married,70643,1828,0,0,15-10-2012,66
8341,1969,PhD,Married,30396,34,1,0,30-04-2014,22
5180,1968,PhD,Divorced,50616,149,0,1,18-04-2014,56
6461,1969,Master,Single,62772,946,0,1,19-05-2013,74
7679,1985,PhD,Single,30298,28,0,0,19-05-2014,48
10702,1984,Graduation,Single,52413,450,1,0,3/11/12,67
7505,1957,PhD,Married,44155,46,1,1,19-01-2014,24
5113,1971,PhD,Divorced,86979,1702,0,0,7/11/13,67
10858,1975,Graduation,Together,76532,820,1,1,9/9/13,38
2961,1982,Graduation,Married,42081,382,1,0,26-02-2013,86
2747,1988,PhD,Married,67546,2126,0,0,31-08-2012,90
3010,1989,Master,Together,88420,2069,0,0,2/5/14,87
5790,1985,Graduation,Married,31158,72,1,0,27-01-2013,62
6892,1968,Graduation,Divorced,61671,732,0,1,3/6/14,23
1743,1974,Graduation,Single,69719,801,0,0,26-05-2014,99
3578,1949,Graduation,Divorced,49160,236,0,1,20-10-2013,29
8462,1978,Basic,Together,24882,80,1,0,9/9/12,52
5558,1954,PhD,Single,90933,1685,0,0,31-03-2014,90
4619,1945,PhD,Single,113734,277,0,0,28-05-2014,9
8780,1950,PhD,Together,59292,507,0,1,13-06-2013,71
10789,1964,PhD,Married,45759,68,1,1,23-02-2013,13
10779,1983,Graduation,Single,22148,49,0,0,13-04-2014,16
5896,1987,Master,Married,73395,397,0,0,18-03-2014,94
2337,1971,Graduation,Divorced,29819,39,1,0,24-10-2013,77
10951,1968,Graduation,Married,45688,306,0,1,25-01-2014,20
544,1954,Graduation,Married,62820,976,0,0,11/5/13,51
17,1971,PhD,Married,60491,1028,0,1,6/9/13,81
10680,1986,Graduation,Together,33235,70,1,0,5/2/14,71
3265,1959,Graduation,Married,35701,46,0,0,19-03-2013,36
5623,1980,Master,Married,31535,51,1,0,26-09-2013,95
5832,1960,2n Cycle,Together,92556,1263,0,0,20-04-2014,32
5544,1970,Graduation,Single,67384,1490,0,1,10/11/12,32
6417,1971,Master,Together,80573,1564,0,0,14-10-2012,85
5831,1967,Graduation,Married,77870,1815,0,1,22-08-2012,93
7101,1963,PhD,Widow,52278,1198,0,1,25-01-2013,24
10176,1968,Graduation,Single,57107,416,0,1,24-08-2012,44
2326,1990,Graduation,Married,18929,85,0,0,16-02-2013,15
4385,1981,PhD,Single,36038,47,1,0,31-05-2013,82
2929,1976,Graduation,Single,20180,137,0,0,20-02-2013,27
10686,1965,PhD,Together,34230,21,1,1,26-12-2012,72
2546,1977,2n Cycle,Single,31878,70,0,1,22-06-2014,7
3283,1972,2n Cycle,Married,70932,909,0,1,19-01-2014,57
3138,1956,Graduation,Single,91249,1676,0,0,20-10-2012,84
4994,1943,Master,Single,77598,1735,0,0,1/10/13,53
7966,1959,Graduation,Single,80982,1191,1,1,8/1/13,48
3112,1977,Master,Married,22701,24,1,0,5/9/13,2
10872,1969,PhD,Married,55212,1182,0,1,23-11-2012,65
2181,1970,Graduation,Married,70617,1280,0,0,23-06-2013,45
1867,1957,Graduation,Single,64849,1336,0,0,13-11-2012,42
1518,1965,Master,Married,62694,749,1,1,17-06-2013,29
5734,1974,PhD,Married,61917,91,1,1,20-11-2013,83
2878,1947,PhD,Married,67472,414,0,1,28-09-2013,93
1458,1982,Master,Married,21059,44,1,0,7/1/14,40
7007,1968,Master,Married,29543,63,2,0,1/4/14,47
6200,1951,Graduation,Married,75903,901,0,1,8/4/13,50
1403,1975,2n Cycle,Together,34984,38,1,1,6/9/12,40
4827,1956,PhD,Single,54998,455,0,1,10/3/13,3
6250,1949,PhD,Widow,54356,775,0,1,19-11-2012,62
9291,1959,Master,Married,34242,15,0,1,23-03-2014,25
2478,1973,Graduation,Married,25410,38,1,0,31-08-2013,48
1139,1984,PhD,Married,73356,1512,0,0,6/2/14,56
5138,1950,Graduation,Together,28320,43,0,1,14-01-2013,68
5393,1977,Graduation,Single,23763,42,1,0,7/8/12,64
10413,1984,Graduation,Married,72570,1089,0,0,25-04-2014,67
5015,1976,Master,Married,34529,162,1,0,14-09-2012,94
10868,1951,Graduation,Widow,70792,1272,0,0,6/2/13,82
10676,1982,Graduation,Married,63211,1173,0,0,2/11/12,3
2495,1974,Master,Married,83891,816,0,1,20-06-2014,24
7842,1968,Graduation,Single,36065,74,1,1,31-03-2013,54
9955,1954,Graduation,Together,39898,134,0,1,12/2/13,20
6663,1940,PhD,Single,51141,157,0,0,8/7/13,96
2162,1976,Graduation,Married,56939,561,0,1,18-09-2013,19
3434,1951,Graduation,Single,80872,1336,0,0,12/5/14,60
7919,1976,PhD,Together,72335,2092,0,0,13-08-2012,2
5626,1964,PhD,Single,61798,463,0,0,23-11-2013,13
6428,1950,PhD,Widow,76842,1130,0,0,3/5/14,37
8514,1976,Graduation,Together,29478,20,1,0,17-01-2014,59
10448,1956,Graduation,Single,46998,377,0,1,22-10-2012,55
2109,1990,Graduation,Single,96843,1544,0,0,23-04-2013,60
7530,1950,PhD,Widow,56551,138,1,1,7/5/14,48
8925,1965,Master,Married,70053,1012,0,1,3/7/13,38
3009,1962,PhD,Widow,71670,1766,0,0,9/7/13,8
6355,1978,Graduation,Married,44359,45,1,1,17-06-2014,19
3517,1952,Graduation,Single,40887,161,1,1,6/5/13,32
1158,1966,Graduation,Divorced,48877,144,0,1,5/1/14,27
6203,1947,Graduation,Together,74485,1734,0,0,24-08-2013,58
7165,1972,Graduation,Together,64474,823,0,1,22-10-2013,59
3595,1963,Graduation,Together,77226,1138,0,1,28-02-2014,29
8537,1949,Graduation,Widow,72643,1429,0,0,27-02-2013,60
4331,1978,Master,Together,85738,1371,0,0,23-01-2014,41
6281,1966,Graduation,Divorced,55686,982,0,1,14-02-2013,27
4338,1983,Graduation,Single,39062,44,1,0,25-03-2014,28
2452,1971,Graduation,Together,34600,318,1,1,1/1/13,8
9507,1975,Graduation,Married,40794,434,0,1,7/4/13,18
8360,1971,2n Cycle,Married,54690,198,1,1,7/11/13,76
10311,1969,Graduation,Married,4428,359,0,1,5/10/13,0
5117,1963,2n Cycle,Married,32632,576,0,0,2/8/12,32
4867,1968,PhD,Single,38236,88,1,1,20-09-2013,2
9289,1979,Graduation,Married,36781,63,1,0,10/4/14,16
10913,1984,Master,Single,31385,27,1,0,5/12/12,56
3032,1984,Graduation,Married,24570,193,1,0,27-02-2013,97
8524,1974,PhD,Divorced,25509,101,1,0,18-09-2012,15
3334,1951,Graduation,Married,94642,2211,0,0,12/2/14,35
4470,1962,Master,Married,58646,140,0,1,10/6/13,3
1406,1975,Graduation,Single,53201,415,1,1,12/2/13,49
8619,1957,Graduation,Together,21994,22,0,1,24-12-2012,4
10821,1978,Graduation,Married,57113,263,1,1,6/2/13,45
4552,1991,Graduation,Married,51373,393,0,0,22-06-2013,37
898,1986,Graduation,Married,23477,147,1,0,21-10-2013,39
9797,1956,Graduation,Married,58116,443,0,1,13-04-2014,38
10949,1963,PhD,Divorced,72968,1958,0,0,16-12-2013,8
8212,1971,Master,Married,39791,174,0,1,28-03-2013,89
6248,1947,Master,Single,91712,2217,0,0,17-10-2013,47
10164,1958,Graduation,Single,94472,1691,0,1,3/4/14,75
4547,1960,Graduation,Together,13672,25,1,1,17-04-2013,86
6815,1980,2n Cycle,Married,96547,809,0,0,23-05-2014,4
4122,1975,Graduation,Married,79205,895,0,0,29-08-2012,73
10841,1975,PhD,Together,56559,484,0,1,25-12-2012,46
5370,1973,PhD,Married,32644,413,1,0,16-01-2013,38
176,1980,2n Cycle,Single,67506,331,0,1,2/1/14,73
4860,1970,Graduation,Single,24206,25,1,0,8/3/13,66
10757,1967,PhD,Divorced,28420,13,1,0,24-12-2013,36
4023,1970,Graduation,Married,22979,115,1,0,6/9/12,29
6679,1966,Graduation,Single,33279,16,0,0,12/6/14,29
9923,1972,Master,Single,46423,92,1,1,18-09-2013,6
7181,1977,Graduation,Married,30368,52,0,1,7/11/13,97
3599,1970,Graduation,Married,63684,1464,0,1,26-11-2012,61
405,1964,Graduation,Divorced,41638,441,0,1,13-02-2013,68
6870,1959,PhD,Divorced,68805,283,0,1,17-09-2013,73
832,1966,PhD,Together,65814,747,0,1,2/3/14,90
2002,1958,Graduation,Divorced,71964,1870,0,0,20-05-2013,81
3657,1986,Graduation,Single,39146,165,1,0,14-02-2013,1
500,1977,Graduation,Together,96876,1941,0,0,6/8/13,79
1951,1981,Basic,Married,34445,839,0,0,27-01-2013,92
3262,1958,Graduation,Single,68281,1655,0,0,7/8/12,31
4102,1975,2n Cycle,Married,37284,23,1,1,29-03-2013,46
7042,1983,Graduation,Married,36790,66,0,0,1/3/13,14
10598,1967,Graduation,Together,27943,37,1,1,15-04-2013,89
255,1951,Graduation,Divorced,22263,21,1,1,30-03-2014,31
2375,1972,Graduation,Together,30261,22,1,2,25-09-2012,75
9829,1978,Graduation,Together,28587,78,1,0,12/2/14,42
6214,1982,Master,Married,43815,79,1,0,5/4/13,53
4954,1956,Graduation,Married,48195,265,1,1,21-01-2014,53
7861,1952,Master,Married,77027,1175,0,1,5/2/14,23
4837,1965,PhD,Married,71322,1305,0,1,16-02-2013,57
9423,1979,Master,Married,32765,46,1,0,23-02-2014,49
4198,1965,Graduation,Together,29672,25,1,1,12/3/13,6
153,1953,Graduation,Divorced,23272,46,0,0,17-10-2013,29
9323,1949,Master,Together,49912,874,0,1,7/9/12,5
10001,1985,2n Cycle,Together,7500,100,1,0,1/8/12,98
3945,1947,PhD,Widow,68117,930,0,1,10/3/13,80
3799,1955,Graduation,Married,67225,868,0,1,26-11-2013,4
8625,1976,Graduation,Married,17649,45,1,0,12/11/13,70
3491,1975,Graduation,Together,55914,1260,0,1,29-04-2013,32
983,1984,Graduation,Married,40059,414,1,0,28-09-2013,82
9119,1950,Graduation,Together,60905,392,0,1,5/12/13,27
4786,1977,Graduation,Married,75330,1109,1,1,4/10/12,94
5872,1951,Graduation,Single,60689,639,0,1,1/6/13,23
6568,1984,Graduation,Married,38680,79,1,0,28-03-2013,97
5628,1982,Graduation,Together,61416,1665,0,0,8/2/13,25
5631,1991,Graduation,Single,49767,692,0,0,2/5/13,92
4974,1970,Graduation,Single,83273,1392,1,2,25-09-2012,98
8416,1981,Graduation,Married,29009,44,1,0,29-11-2013,19
5454,1979,Master,Married,45057,50,1,0,1/12/13,80
4095,1971,Graduation,Married,37150,467,1,0,11/9/12,80
5474,1970,Graduation,Single,43020,223,1,0,30-11-2013,79
4268,1959,Graduation,Married,53154,158,0,1,9/6/14,50
10701,1973,Graduation,Married,65308,1211,0,0,11/9/13,60
3507,1970,Graduation,Single,76467,1575,1,0,17-08-2012,44
2079,1947,2n Cycle,Married,81044,1208,0,0,27-12-2013,0
626,1951,Graduation,Married,32871,43,1,1,9/3/13,28
4426,1975,Graduation,Single,55801,527,1,1,22-09-2013,35
2591,1959,Graduation,Widow,76320,932,0,1,22-06-2014,49
10509,1955,Master,Single,36927,71,1,1,2/6/14,46
6382,1953,Graduation,Together,48794,54,1,1,26-06-2014,97
6673,1965,Graduation,Single,23478,129,0,0,19-03-2013,51
7441,1973,Graduation,Divorced,71128,1615,1,0,6/10/12,80
1071,1976,PhD,Divorced,70179,1034,0,1,21-07-2013,10
10061,1950,Graduation,Married,59462,1088,0,1,5/1/13,29
7187,1969,Master,Together,,721,1,1,18-05-2013,52
8775,1969,Graduation,Together,38361,137,1,0,27-12-2013,74
1612,1981,PhD,Single,,47,1,0,31-05-2013,82
2345,1982,PhD,Together,70038,1244,0,0,25-10-2013,54
322,1978,Graduation,Together,42554,41,1,1,12/1/13,93
10897,1974,Graduation,Married,67445,1174,0,1,12/8/12,63
123,1951,Graduation,Widow,67046,993,0,1,6/1/13,92
6103,1948,Graduation,Married,42192,100,0,0,6/9/13,40
7899,1952,PhD,Married,77610,1680,0,1,29-10-2012,70
10500,1984,Graduation,Married,31761,98,1,0,5/4/14,96
1655,1979,Graduation,Together,34350,48,1,0,19-10-2013,81
2406,1949,Graduation,Together,54591,519,0,1,5/8/13,63
2712,1956,Graduation,Married,71866,715,0,1,25-12-2013,85
5517,1969,Graduation,Married,25293,37,1,0,15-09-2013,51
10643,1987,PhD,Single,42000,653,0,0,10/1/13,23
2254,1983,Graduation,Married,69520,1455,0,0,7/7/13,95
10281,1970,Graduation,Divorced,64713,602,1,0,7/2/14,11
6958,1977,Master,Married,27889,26,1,0,5/7/13,42
954,1960,Basic,Widow,22123,102,0,0,27-03-2014,77
5079,1971,Graduation,Married,,97,1,1,3/3/13,82
10339,1954,Master,Together,,207,0,1,23-06-2013,83
4643,1973,Graduation,Married,27803,176,1,0,26-08-2012,40
3117,1955,Graduation,Single,,450,0,1,18-10-2013,95
6497,1960,Graduation,Married,51651,433,0,1,7/11/12,32
5396,1988,Graduation,Married,68487,1366,0,0,13-01-2013,48
5250,1943,Master,Widow,,1564,0,0,30-10-2013,75
1052,1969,Graduation,Married,56796,1001,0,1,16-02-2013,24
2802,1992,2n Cycle,Married,87000,961,0,0,15-12-2012,61
6343,1959,Graduation,Married,79823,1518,0,1,31-03-2014,6
6507,1980,Graduation,Single,30828,56,1,0,4/10/13,16
7901,1971,Master,Married,34109,22,0,1,6/11/13,39
4865,1974,Master,Divorced,53367,400,1,1,31-08-2013,2
2686,1969,Basic,Together,22390,26,0,0,21-10-2013,49
3107,1976,Graduation,Together,71322,350,0,1,2/5/14,31
7734,1993,Graduation,Absurd,79244,1216,0,0,19-12-2012,58
1146,1949,Master,Together,49912,874,0,1,7/9/12,5
11031,1950,PhD,Married,48699,40,1,1,21-05-2013,90
7428,1975,Graduation,Together,80144,1367,0,0,30-09-2013,47
975,1956,Graduation,Single,54252,264,1,1,28-05-2013,25
1103,1976,Master,Married,81929,2053,1,0,29-09-2012,60
3422,1975,Graduation,Married,76068,1376,0,1,29-11-2012,67
1055,1976,Master,Married,53204,45,1,1,20-03-2014,40
6544,1949,PhD,Together,67911,976,0,1,22-05-2014,63
1241,1984,2n Cycle,Married,14796,51,1,0,17-09-2012,1
2909,1974,PhD,Married,78128,1264,0,1,19-02-2014,89
5802,1972,Basic,Married,14188,75,0,0,28-02-2013,40
1407,1986,Basic,Married,20425,57,1,0,29-10-2012,5
6183,1962,Master,Married,58646,140,0,1,10/6/13,3
340,1970,Graduation,Divorced,72967,497,0,1,15-12-2012,1
5991,1949,Master,Married,48150,266,0,1,8/6/13,24
3104,1961,Graduation,Single,82332,2006,0,0,17-09-2012,89
9729,1955,Graduation,Widow,58275,615,1,1,2/6/13,48
1008,1981,PhD,Together,44953,1021,0,0,21-12-2012,31
11091,1953,Graduation,Together,34587,22,1,1,16-05-2014,68
3969,1974,Master,Together,43018,133,0,1,1/11/13,46
1916,1954,Master,Married,45736,437,0,1,24-07-2013,92
9907,1969,Master,Together,66476,1013,0,1,4/12/13,80
87,1981,2n Cycle,Married,27733,57,1,0,26-08-2013,16
8659,1952,PhD,Together,69805,1038,0,1,21-01-2014,50
6262,1962,Master,Single,72217,1573,0,0,10/4/13,93
6147,1971,Graduation,Divorced,25818,28,1,0,18-10-2012,51
8832,1976,Master,Together,37509,123,1,0,12/9/12,24
10067,1976,2n Cycle,Together,25176,13,1,1,10/8/13,79
7532,1980,Graduation,Married,43586,132,0,1,30-08-2012,26
4915,1956,2n Cycle,Married,53230,732,0,1,3/8/12,86
2115,1957,Graduation,Together,50116,66,1,1,20-06-2014,68
2088,1972,Graduation,Together,84906,1631,0,0,4/10/13,98
2493,1966,Graduation,Married,61286,608,0,1,2/8/13,34
6292,1986,PhD,Married,82333,1822,0,0,30-03-2013,60
1631,1965,PhD,Together,65220,1282,0,0,3/9/12,3
10104,1974,Graduation,Together,33590,8,2,1,3/11/13,65
3006,1976,Graduation,Divorced,30992,43,1,0,22-04-2013,83
3919,1976,Master,Single,72309,1931,0,0,11/3/13,64
11181,1949,PhD,Married,156924,8,0,0,29-08-2013,85
642,1980,Basic,Married,16005,103,1,0,14-08-2012,69
4369,1957,Master,Absurd,65487,1169,0,0,10/1/14,48
10127,1965,Graduation,Married,58692,395,0,1,6/4/14,21
271,1969,Graduation,Widow,40590,258,1,1,2/10/13,30
4973,1970,Graduation,Single,20587,25,1,0,11/5/14,39
2948,1954,Master,Divorced,62637,185,0,1,1/3/14,76
2715,1966,Master,Divorced,29435,180,1,1,6/8/12,11
10432,1974,Graduation,Divorced,19346,22,1,0,30-01-2014,26
9216,1971,Graduation,Married,35788,44,1,1,23-01-2014,34
7124,1968,Graduation,Divorced,36997,94,1,1,1/2/13,72
9727,1957,Graduation,Married,23539,81,0,0,28-02-2014,13
5136,1973,Graduation,Single,65333,798,0,1,17-01-2014,58
9790,1957,Graduation,Single,78499,1334,0,0,23-11-2013,12
1818,1971,PhD,Together,29732,38,1,0,25-03-2014,23
1100,1960,Master,Together,41275,61,1,2,24-03-2014,33
7873,1973,PhD,Together,63516,300,1,1,6/7/13,30
10609,1962,PhD,Married,42769,88,0,1,12/10/13,15
6950,1958,Master,Married,49572,54,1,1,15-12-2013,25
7233,1972,Graduation,Married,69209,1782,0,0,17-09-2012,4
9481,1976,Graduation,Married,17148,68,1,0,28-01-2014,80
7699,1969,Graduation,Widow,40590,258,1,1,2/10/13,30
2711,1976,Master,Together,30560,31,1,0,27-06-2013,6
8933,1983,2n Cycle,Married,32146,66,1,0,12/5/14,16
8726,1964,2n Cycle,Divorced,41713,174,1,1,29-04-2014,57
1515,1975,Master,Together,34176,28,0,1,22-01-2014,9
5186,1955,PhD,Married,58482,731,0,1,12/3/14,59
10157,1965,Graduation,Single,59686,274,0,1,25-01-2014,78
5667,1964,PhD,Married,60896,1701,0,1,11/10/12,90
902,1980,Graduation,Together,62994,312,1,0,4/3/14,74
977,1957,Graduation,Together,47320,414,0,1,1/8/13,10
7313,1949,2n Cycle,Widow,74859,1565,0,0,3/6/13,63
7600,1992,Basic,Single,15253,29,1,0,28-10-2013,13
9706,1974,PhD,Single,31560,94,1,0,24-06-2013,98
2429,1954,Graduation,Divorced,72071,1338,0,1,14-02-2013,4
3520,1990,Master,Single,91172,1092,0,0,27-03-2013,94
10394,1984,Graduation,Married,90000,1479,0,0,23-12-2013,91
4548,1981,Graduation,Single,41967,54,1,1,23-11-2013,66
9362,1965,Graduation,Single,69263,568,0,1,5/3/14,14
3968,1970,2n Cycle,Divorced,65706,1199,0,0,28-06-2013,77
4084,1975,Graduation,Together,60934,873,0,1,17-01-2014,41
6721,1951,Graduation,Married,71965,1213,0,1,29-07-2013,21
2829,1955,Graduation,Married,65210,731,0,1,10/3/14,25
1772,1975,PhD,Married,79174,2043,0,0,11/1/13,2
1544,1967,Master,Divorced,81380,1893,0,0,22-12-2012,51
492,1973,PhD,YOLO,48432,424,0,1,18-10-2012,3
4377,1971,Graduation,Married,52914,575,0,1,7/1/13,32
4541,1955,Graduation,Together,38946,257,0,1,24-10-2013,84
1321,1974,Graduation,Married,26067,56,1,0,4/11/13,49
8858,1972,PhD,Married,44325,542,0,1,7/3/13,69
3266,1964,Graduation,Married,42523,125,0,0,23-04-2014,96
11187,1978,Basic,Single,26487,69,1,0,20-05-2013,23
8207,1957,2n Cycle,Married,53233,40,0,1,18-03-2014,18
9723,1960,Graduation,Married,67716,1016,0,1,10/1/13,8
2666,1972,Master,Married,76234,907,0,1,6/2/14,21
5721,1956,PhD,Married,84117,1566,0,0,11/5/14,60
10652,1957,Master,Together,65487,1169,0,0,10/1/14,48
1646,1972,Basic,Married,25224,46,1,0,16-03-2014,36
4418,1983,Master,Single,89616,1644,0,0,25-02-2013,36
2656,1971,Graduation,Divorced,40851,59,1,1,21-02-2013,63
7990,1947,Graduation,Married,27469,17,0,0,2/8/12,2
8722,1957,2n Cycle,Married,82347,1853,0,0,6/11/12,38
7118,1957,Graduation,Married,73803,1528,0,1,1/8/12,61
2980,1952,Master,Single,8820,35,1,1,22-03-2013,52
1839,1974,Graduation,Single,43322,141,0,0,21-04-2014,25
10722,1973,Graduation,Together,55593,546,0,1,21-08-2013,63
2632,1954,Graduation,Married,50501,500,1,1,18-06-2013,10
9014,1975,Graduation,Married,37085,61,1,1,26-06-2014,65
7620,1990,Basic,Single,16185,106,1,0,5/8/13,71
10968,1969,Graduation,Single,57731,704,0,1,23-11-2012,0
11133,1973,PhD,YOLO,48432,424,0,1,18-10-2012,3
2736,1978,Graduation,Married,73807,849,0,1,2/1/13,88
1876,1990,Graduation,Married,18929,85,0,0,16-02-2013,15
5959,1968,Graduation,Single,35893,199,1,1,15-10-2012,80
1092,1980,Graduation,Married,61014,1147,0,1,11/8/12,17
4333,1954,Graduation,Together,32144,54,1,1,23-03-2014,76
3850,1963,Basic,Together,14918,43,0,1,7/12/12,52
6168,1963,Graduation,Divorced,45146,53,1,1,15-07-2013,28
607,1955,2n Cycle,Divorced,41769,521,0,1,13-02-2013,31
10469,1981,Graduation,Together,88325,1623,0,0,5/2/14,42
6983,1950,Master,Divorced,38054,45,1,1,1/5/14,24
3661,1995,2n Cycle,Single,80617,1435,0,0,12/10/12,42
9303,1976,Graduation,Married,5305,32,0,1,30-07-2013,12
692,1954,Graduation,Together,36807,16,1,1,20-12-2012,88
736,1983,Graduation,Together,28427,52,1,0,21-03-2013,67
9589,1948,PhD,Widow,82032,1234,0,0,5/4/14,54
4838,1978,Graduation,Together,22775,15,1,0,19-06-2013,40
9246,1985,Master,Together,40101,415,1,0,14-10-2012,73
6261,1979,Graduation,Married,58025,470,0,1,26-11-2013,81
7366,1982,Master,Single,75777,1438,0,0,4/7/13,12
10659,1979,2n Cycle,Together,7500,53,1,0,7/5/13,7
1448,1963,Master,Married,33562,51,1,2,25-06-2014,33
4286,1970,PhD,Single,57642,679,0,1,9/1/14,24
4749,1968,Graduation,Together,58554,586,1,1,26-09-2012,55
4478,1979,Graduation,Married,63777,653,1,1,24-03-2013,87
4201,1962,Graduation,Single,57967,468,0,1,3/3/13,39
8720,1978,2n Cycle,Together,,1679,0,0,12/8/12,53
10084,1972,Graduation,Married,24434,50,2,0,18-05-2014,9
7004,1984,Graduation,Single,11012,84,1,0,16-03-2013,82
9817,1970,Master,Single,44802,1049,0,0,21-08-2012,71
8080,1986,Graduation,Single,26816,22,0,0,17-08-2012,50
9432,1977,Graduation,Together,666666,62,1,0,2/6/13,23
8372,1974,Graduation,Married,34421,30,1,0,1/7/13,81
10870,1967,Graduation,Married,61223,1341,0,1,13-06-2013,46
4001,1946,PhD,Together,64014,444,2,1,10/6/14,56
7270,1981,Graduation,Divorced,56981,1241,0,0,25-01-2014,91
8235,1956,Master,Together,69245,843,0,1,24-01-2014,8
9405,1954,PhD,Married,52869,172,1,1,15-10-2012,40